,accuracy,f1,precision,recall,model
0,0.57,0.5487242576445799,0.5709774689189567,0.5708257141219171,iter
