,accuracy,f1,precision,recall,model
0,0.5116,0.5117984515156242,0.5137979340274021,0.5319670661689111,iter_12
1,0.744,0.743026651866264,0.7447834497529287,0.7444255976468209,model_full_12
2,0.1344,0.11206850400553212,0.1347891676248165,0.12770610703179547,model_empty_12
