,accuracy,f1,precision,recall,model
0,0.5228,0.5142541607280071,0.5239098628077644,0.524098907266823,iter
