,overall,task_0,task_1,task_2,task_3,task_4
0,0.164,0.8471074380165289,0.0,0.0,0.0,0.0
1,0.2944,0.743801652892562,0.7595959595959596,0.0,0.0,0.0
2,0.3872,0.6508264462809917,0.6868686868686869,0.626,0.0,0.0
3,0.4712,0.5826446280991735,0.6565656565656566,0.542,0.594059405940594,0.0
4,0.5688,0.5475206611570248,0.593939393939394,0.558,0.5366336633663367,0.6065891472868217
