,overall,task_0,task_1,task_2,task_3,task_4
0,0.1524,0.7871900826446281,0.0,0.0,0.0,0.0
1,0.2828,0.6466942148760331,0.795959595959596,0.0,0.0,0.0
2,0.376,0.5351239669421488,0.7111111111111111,0.658,0.0,0.0
3,0.4716,0.5144628099173554,0.7171717171717171,0.586,0.5584158415841585,0.0
4,0.57,0.45661157024793386,0.692929292929293,0.544,0.5366336633663367,0.6162790697674418
