,overall,task_0,task_1,task_2,task_3,task_4
0,0.0936,0.34917355371900827,0.024242424242424242,0.044,0.033663366336633666,0.027131782945736434
1,0.1116,0.06611570247933884,0.4727272727272727,0.022,0.0039603960396039604,0.0
2,0.1288,0.05991735537190083,0.25656565656565655,0.328,0.0019801980198019802,0.001937984496124031
3,0.142,0.026859504132231406,0.10909090909090909,0.232,0.33663366336633666,0.003875968992248062
4,0.1392,0.01859504132231405,0.046464646464646465,0.094,0.21584158415841584,0.31007751937984496
