,overall,task_0,task_1,task_2,task_3,task_4
0,0.1556,0.8037190082644629,0.0,0.0,0.0,0.0
1,0.164,0.0,0.8282828282828283,0.0,0.0,0.0
2,0.1632,0.0,0.00202020202020202,0.814,0.0,0.0
3,0.1804,0.0,0.0,0.0,0.8930693069306931,0.0
4,0.1728,0.0,0.0,0.0,0.0,0.8372093023255814
