,overall,task_0,task_1,task_2,task_3,task_4
0,0.1564,0.8078512396694215,0.0,0.0,0.0,0.0
1,0.1832,0.0,0.9252525252525252,0.0,0.0,0.0
2,0.176,0.0,0.0,0.88,0.0,0.0
3,0.162,0.0,0.0,0.0,0.801980198019802,0.0
4,0.19,0.0,0.0,0.0,0.0,0.9205426356589147
