,overall,task_0,task_1,task_2,task_3,task_4
0,0.1064,0.45454545454545453,0.00808080808080808,0.038,0.023762376237623763,0.02131782945736434
1,0.1296,0.29338842975206614,0.31717171717171716,0.03,0.01782178217821782,0.001937984496124031
2,0.1272,0.11776859504132231,0.16565656565656567,0.348,0.009900990099009901,0.0
3,0.124,0.05785123966942149,0.06666666666666667,0.248,0.24554455445544554,0.001937984496124031
4,0.1372,0.01859504132231405,0.044444444444444446,0.192,0.15841584158415842,0.26356589147286824
