,overall,task_0,task_1,task_2,task_3,task_4
0,0.1412,0.5144628099173554,0.09696969696969697,0.078,0.0019801980198019802,0.031007751937984496
1,0.1392,0.22933884297520662,0.4585858585858586,0.016,0.0019801980198019802,0.001937984496124031
2,0.1768,0.14669421487603307,0.2868686868686869,0.454,0.0019801980198019802,0.001937984496124031
3,0.1836,0.11776859504132231,0.25656565656565655,0.374,0.17425742574257425,0.0
4,0.1788,0.09504132231404959,0.15757575757575756,0.256,0.15643564356435644,0.2248062015503876
