,overall,task_0,task_1,task_2,task_3,task_4
0,0.176,0.9090909090909091,0.0,0.0,0.0,0.0
1,0.3076,0.7355371900826446,0.8343434343434344,0.0,0.0,0.0
2,0.4272,0.6859504132231405,0.705050505050505,0.774,0.0,0.0
3,0.53,0.5888429752066116,0.6606060606060606,0.634,0.7841584158415842,0.0
4,0.6336,0.5537190082644629,0.6262626262626263,0.544,0.6673267326732674,0.7693798449612403
