,overall,task_0,task_1,task_2,task_3,task_4
0,0.0896,0.390495867768595,0.022222222222222223,0.014,0.031683168316831684,0.001937984496124031
1,0.1296,0.13016528925619836,0.5191919191919192,0.004,0.0,0.003875968992248062
2,0.124,0.05578512396694215,0.32525252525252524,0.24,0.0019801980198019802,0.001937984496124031
3,0.1196,0.022727272727272728,0.17777777777777778,0.14,0.25742574257425743,0.0
4,0.1336,0.028925619834710745,0.1393939393939394,0.1,0.19801980198019803,0.19573643410852712
