,overall,task_0,task_1,task_2,task_3,task_4
0,0.1208,0.5454545454545454,0.01818181818181818,0.0,0.03762376237623762,0.01937984496124031
1,0.154,0.3739669421487603,0.36767676767676766,0.0,0.023762376237623763,0.01937984496124031
2,0.1676,0.2727272727272727,0.3696969696969697,0.158,0.02178217821782178,0.027131782945736434
3,0.1664,0.14669421487603307,0.19797979797979798,0.05,0.4396039603960396,0.0
4,0.1904,0.09297520661157024,0.18383838383838383,0.016,0.27524752475247527,0.374031007751938
