,overall,task_0,task_1,task_2,task_3,task_4
0,0.0864,0.3512396694214876,0.01818181818181818,0.038,0.009900990099009901,0.025193798449612403
1,0.1108,0.06611570247933884,0.4666666666666667,0.018,0.0019801980198019802,0.007751937984496124
2,0.1188,0.03925619834710744,0.298989898989899,0.256,0.0019801980198019802,0.001937984496124031
3,0.1204,0.010330578512396695,0.2505050505050505,0.168,0.17227722772277226,0.001937984496124031
4,0.134,0.004132231404958678,0.13535353535353536,0.092,0.07920792079207921,0.3488372093023256
