,overall,task_0,task_1,task_2,task_3,task_4
0,0.1656,0.8553719008264463,0.0,0.0,0.0,0.0
1,0.2952,0.6487603305785123,0.8565656565656565,0.0,0.0,0.0
2,0.4016,0.5805785123966942,0.6848484848484848,0.768,0.0,0.0
3,0.4944,0.5227272727272727,0.5959595959595959,0.646,0.7227722772277227,0.0
4,0.6136,0.5082644628099173,0.5555555555555556,0.618,0.6,0.7771317829457365
