,overall,task_0,task_1,task_2,task_3,task_4
0,0.1812,0.9359504132231405,0.0,0.0,0.0,0.0
1,0.1844,0.0,0.9313131313131313,0.0,0.0,0.0
2,0.1872,0.0,0.0,0.936,0.0,0.0
3,0.1828,0.0,0.0,0.0,0.904950495049505,0.0
4,0.1956,0.0,0.0,0.0,0.0,0.9476744186046512
