,overall,task_0,task_1,task_2,task_3,task_4
0,0.1688,0.871900826446281,0.0,0.0,0.0,0.0
1,0.2964,0.75,0.7636363636363637,0.0,0.0,0.0
2,0.4016,0.7004132231404959,0.6585858585858586,0.678,0.0,0.0
3,0.4976,0.6239669421487604,0.6505050505050505,0.646,0.5881188118811881,0.0
4,0.6032,0.5909090909090909,0.6202020202020202,0.6,0.5742574257425742,0.6298449612403101
