,overall,task_0,task_1,task_2,task_3,task_4
0,0.1456,0.7520661157024794,0.0,0.0,0.0,0.0
1,0.1724,0.0,0.8707070707070707,0.0,0.0,0.0
2,0.1684,0.0,0.0,0.842,0.0,0.0
3,0.1552,0.0,0.0,0.0,0.7683168316831683,0.0
4,0.1876,0.0,0.0,0.0,0.0,0.9089147286821705
