,overall,task_0,task_1,task_2,task_3,task_4
0,0.1756,0.9070247933884298,0.0,0.0,0.0,0.0
1,0.1752,0.0,0.8848484848484849,0.0,0.0,0.0
2,0.1804,0.0,0.0,0.902,0.0,0.0
3,0.1736,0.0,0.0,0.0,0.8594059405940594,0.0
4,0.1944,0.0,0.0,0.0,0.0,0.9418604651162791
