,overall,task_0,task_1,task_2,task_3,task_4
0,0.1656,0.8553719008264463,0.0,0.0,0.0,0.0
1,0.1932,0.0,0.9757575757575757,0.0,0.0,0.0
2,0.182,0.0,0.0,0.91,0.0,0.0
3,0.1772,0.0,0.0,0.0,0.8772277227722772,0.0
4,0.1964,0.0,0.0,0.0,0.0,0.9515503875968992
