,overall,task_0,task_1,task_2,task_3,task_4
0,0.1612,0.8326446280991735,0.0,0.0,0.0,0.0
1,0.1648,0.0,0.8323232323232324,0.0,0.0,0.0
2,0.1728,0.0,0.0,0.864,0.0,0.0
3,0.162,0.0,0.0,0.0,0.801980198019802,0.0
4,0.1896,0.0,0.0,0.0,0.0,0.9186046511627907
