,overall,task_0,task_1,task_2,task_3,task_4
0,0.172,0.8884297520661157,0.0,0.0,0.0,0.0
1,0.2996,0.6859504132231405,0.8424242424242424,0.0,0.0,0.0
2,0.4108,0.5599173553719008,0.703030303030303,0.816,0.0,0.0
3,0.5208,0.5392561983471075,0.597979797979798,0.702,0.7801980198019802,0.0
4,0.6168,0.4896694214876033,0.5838383838383838,0.644,0.601980198019802,0.7558139534883721
