,overall,task_0,task_1,task_2,task_3,task_4
0,0.1416,0.4855371900826446,0.11515151515151516,0.0,0.02178217821782178,0.09883720930232558
1,0.1712,0.20867768595041322,0.6545454545454545,0.0,0.0,0.005813953488372093
2,0.1616,0.1487603305785124,0.47878787878787876,0.186,0.0,0.003875968992248062
3,0.1508,0.07851239669421488,0.2868686868686869,0.062,0.32475247524752476,0.003875968992248062
4,0.1808,0.06818181818181818,0.19595959595959597,0.04,0.17227722772277226,0.4166666666666667
