,overall,task_0,task_1,task_2,task_3,task_4
0,0.1204,0.41115702479338845,0.06464646464646465,0.012,0.10693069306930693,0.01937984496124031
1,0.1364,0.2066115702479339,0.4626262626262626,0.002,0.019801980198019802,0.001937984496124031
2,0.128,0.1012396694214876,0.3090909090909091,0.23,0.005940594059405941,0.0
3,0.1308,0.05991735537190083,0.15757575757575756,0.072,0.36237623762376237,0.001937984496124031
4,0.1532,0.05991735537190083,0.08686868686868687,0.05,0.2871287128712871,0.27325581395348836
