,overall,task_0,task_1,task_2,task_3,task_4
0,0.1808,0.9338842975206612,0.0,0.0,0.0,0.0
1,0.3028,0.7582644628099173,0.7878787878787878,0.0,0.0,0.0
2,0.4108,0.6756198347107438,0.591919191919192,0.814,0.0,0.0
3,0.5148,0.5888429752066116,0.5858585858585859,0.648,0.7683168316831683,0.0
4,0.606,0.5392561983471075,0.49696969696969695,0.562,0.6594059405940594,0.7635658914728682
