,overall,task_0,task_1,task_2,task_3,task_4
0,0.1284,0.6115702479338843,0.020202020202020204,0.0,0.0019801980198019802,0.027131782945736434
1,0.1632,0.49793388429752067,0.3111111111111111,0.0,0.0,0.025193798449612403
2,0.1828,0.45041322314049587,0.2727272727272727,0.192,0.0,0.015503875968992248
3,0.164,0.365702479338843,0.11515151515151516,0.142,0.20396039603960395,0.003875968992248062
4,0.1692,0.2190082644628099,0.06464646464646465,0.066,0.06336633663366337,0.4263565891472868
