,overall,task_0,task_1,task_2,task_3,task_4
0,0.1712,0.8842975206611571,0.0,0.0,0.0,0.0
1,0.1664,0.0,0.8404040404040404,0.0,0.0,0.0
2,0.1684,0.0,0.0,0.842,0.0,0.0
3,0.1672,0.0,0.0,0.0,0.8277227722772277,0.0
4,0.176,0.0,0.0,0.0,0.0,0.8527131782945736
