,overall,task_0,task_1,task_2,task_3,task_4
0,0.162,0.8367768595041323,0.0,0.0,0.0,0.0
1,0.1792,0.0,0.9050505050505051,0.0,0.0,0.0
2,0.18,0.0,0.0,0.9,0.0,0.0
3,0.1796,0.0,0.0,0.0,0.8891089108910891,0.0
4,0.1772,0.0,0.0,0.0,0.0,0.8585271317829457
