,overall,task_0,task_1,task_2,task_3,task_4
0,0.1692,0.8739669421487604,0.0,0.0,0.0,0.0
1,0.3132,0.7644628099173554,0.8343434343434344,0.0,0.0,0.0
2,0.4332,0.6074380165289256,0.7575757575757576,0.828,0.0,0.0
3,0.5492,0.5413223140495868,0.701010101010101,0.676,0.8435643564356435,0.0
4,0.6172,0.45041322314049587,0.6565656565656566,0.588,0.6356435643564357,0.7461240310077519
