,overall,task_0,task_1,task_2,task_3,task_4
0,0.1656,0.8553719008264463,0.0,0.0,0.0,0.0
1,0.184,0.0,0.9292929292929293,0.0,0.0,0.0
2,0.1752,0.0,0.0,0.876,0.0,0.0
3,0.1836,0.0,0.0,0.0,0.9089108910891089,0.0
4,0.1876,0.0,0.0,0.0,0.0,0.9089147286821705
