,overall,task_0,task_1,task_2,task_3,task_4
0,0.1196,0.5929752066115702,0.01616161616161616,0.0,0.0019801980198019802,0.005813953488372093
1,0.1152,0.30785123966942146,0.2767676767676768,0.002,0.0,0.001937984496124031
2,0.184,0.2603305785123967,0.2,0.468,0.0,0.001937984496124031
3,0.1752,0.1590909090909091,0.13535353535353536,0.266,0.31683168316831684,0.001937984496124031
4,0.19,0.11776859504132231,0.1191919191919192,0.192,0.21584158415841584,0.29844961240310075
