,overall,task_0,task_1,task_2,task_3,task_4
0,0.1008,0.3450413223140496,0.012121212121212121,0.002,0.053465346534653464,0.09883720930232558
1,0.0728,0.12190082644628099,0.2,0.0,0.015841584158415842,0.031007751937984496
2,0.086,0.09297520661157024,0.13131313131313133,0.172,0.005940594059405941,0.031007751937984496
3,0.1076,0.024793388429752067,0.07272727272727272,0.044,0.38415841584158417,0.009689922480620155
4,0.1304,0.02066115702479339,0.03636363636363636,0.026,0.2316831683168317,0.32558139534883723
