,overall,task_0,task_1,task_2,task_3,task_4
0,0.1736,0.8966942148760331,0.0,0.0,0.0,0.0
1,0.1872,0.0,0.9454545454545454,0.0,0.0,0.0
2,0.1796,0.0,0.0,0.898,0.0,0.0
3,0.1896,0.0,0.0,0.0,0.9386138613861386,0.0
4,0.1896,0.0,0.0,0.0,0.0,0.9186046511627907
