,overall,task_0,task_1,task_2,task_3,task_4
0,0.1644,0.8491735537190083,0.0,0.0,0.0,0.0
1,0.1728,0.0,0.8727272727272727,0.0,0.0,0.0
2,0.1816,0.0,0.0,0.908,0.0,0.0
3,0.1908,0.0,0.0,0.0,0.9445544554455445,0.0
4,0.184,0.0,0.0,0.0,0.0,0.8914728682170543
