,overall,task_0,task_1,task_2,task_3,task_4
0,0.1548,0.7995867768595041,0.0,0.0,0.0,0.0
1,0.1732,0.0,0.8747474747474747,0.0,0.0,0.0
2,0.162,0.0,0.0,0.81,0.0,0.0
3,0.1684,0.0,0.0,0.0,0.8336633663366336,0.0
4,0.1664,0.0,0.0,0.0,0.0,0.8062015503875969
