,overall,task_0,task_1,task_2,task_3,task_4
0,0.1236,0.48140495867768596,0.006060606060606061,0.008,0.09702970297029703,0.03875968992248062
1,0.1232,0.2644628099173554,0.29292929292929293,0.004,0.05742574257425743,0.007751937984496124
2,0.1268,0.12396694214876033,0.2505050505050505,0.232,0.027722772277227723,0.005813953488372093
3,0.1504,0.09917355371900827,0.14747474747474748,0.098,0.401980198019802,0.005813953488372093
4,0.1444,0.0743801652892562,0.10101010101010101,0.056,0.2613861386138614,0.22286821705426357
