,overall,task_0,task_1,task_2,task_3,task_4
0,0.1052,0.4896694214876033,0.01818181818181818,0.006,0.027722772277227723,0.0
1,0.1436,0.2892561983471074,0.4262626262626263,0.002,0.013861386138613862,0.0
2,0.1636,0.22520661157024793,0.30505050505050507,0.288,0.009900990099009901,0.0
3,0.1584,0.08057851239669421,0.1191919191919192,0.118,0.47326732673267324,0.0
4,0.1788,0.08884297520661157,0.13535353535353536,0.126,0.42376237623762375,0.11627906976744186
