,overall,task_0,task_1,task_2,task_3,task_4
0,0.172,0.8884297520661157,0.0,0.0,0.0,0.0
1,0.1856,0.0,0.9373737373737374,0.0,0.0,0.0
2,0.1872,0.0,0.0,0.936,0.0,0.0
3,0.188,0.0,0.0,0.0,0.9306930693069307,0.0
4,0.19,0.0,0.0,0.0,0.0,0.9205426356589147
