,overall,task_0,task_1,task_2,task_3,task_4
0,0.1692,0.8739669421487604,0.0,0.0,0.0,0.0
1,0.2988,0.6611570247933884,0.8626262626262626,0.0,0.0,0.0
2,0.408,0.5413223140495868,0.7313131313131314,0.792,0.0,0.0
3,0.4988,0.48760330578512395,0.6868686868686869,0.588,0.7465346534653465,0.0
4,0.6,0.47107438016528924,0.6464646464646465,0.52,0.592079207920792,0.7616279069767442
