,overall,task_0,task_1,task_2,task_3,task_4
0,0.112,0.49793388429752067,0.014141414141414142,0.052,0.0,0.011627906976744186
1,0.1236,0.19421487603305784,0.41818181818181815,0.012,0.0,0.003875968992248062
2,0.1532,0.1487603305785124,0.30505050505050507,0.316,0.0,0.003875968992248062
3,0.1492,0.11570247933884298,0.19595959595959597,0.298,0.13465346534653466,0.005813953488372093
4,0.1788,0.07231404958677685,0.11717171717171718,0.23,0.09504950495049505,0.3701550387596899
