,overall,task_0,task_1,task_2,task_3,task_4
0,0.1752,0.9049586776859504,0.0,0.0,0.0,0.0
1,0.174,0.0,0.8787878787878788,0.0,0.0,0.0
2,0.1872,0.0,0.0,0.936,0.0,0.0
3,0.192,0.0,0.0,0.0,0.9504950495049505,0.0
4,0.1868,0.0,0.0,0.0,0.0,0.9050387596899225
