,overall,task_0,task_1,task_2,task_3,task_4
0,0.1696,0.8760330578512396,0.0,0.0,0.0,0.0
1,0.1688,0.0,0.8525252525252526,0.0,0.0,0.0
2,0.1836,0.0,0.00404040404040404,0.914,0.0,0.0
3,0.19,0.0,0.0,0.0,0.9405940594059405,0.0
4,0.1844,0.0,0.0,0.0,0.0,0.8934108527131783
