,overall,task_0,task_1,task_2,task_3,task_4
0,0.1588,0.8202479338842975,0.0,0.0,0.0,0.0
1,0.1748,0.0,0.8828282828282829,0.0,0.0,0.0
2,0.1668,0.0,0.0,0.834,0.0,0.0
3,0.1792,0.0,0.0,0.0,0.8871287128712871,0.0
4,0.186,0.0,0.0,0.0,0.0,0.9011627906976745
