,overall,task_0,task_1,task_2,task_3,task_4
0,0.1432,0.7396694214876033,0.0,0.0,0.0,0.0
1,0.264,0.5826446280991735,0.7636363636363637,0.0,0.0,0.0
2,0.3748,0.5247933884297521,0.7131313131313132,0.66,0.0,0.0
3,0.4664,0.493801652892562,0.6282828282828283,0.614,0.6118811881188119,0.0
4,0.5784,0.47520661157024796,0.6101010101010101,0.588,0.5643564356435643,0.6492248062015504
