,overall,task_0,task_1,task_2,task_3,task_4
0,0.0948,0.32231404958677684,0.00808080808080808,0.096,0.047524752475247525,0.009689922480620155
1,0.1232,0.14049586776859505,0.4101010101010101,0.042,0.027722772277227723,0.003875968992248062
2,0.104,0.03305785123966942,0.10303030303030303,0.38,0.0039603960396039604,0.001937984496124031
3,0.11,0.024793388429752067,0.07676767676767676,0.222,0.22376237623762377,0.001937984496124031
4,0.1312,0.014462809917355372,0.04242424242424243,0.142,0.1603960396039604,0.2868217054263566
