,overall,task_0,task_1,task_2,task_3,task_4
0,0.168,0.8677685950413223,0.0,0.0,0.0,0.0
1,0.2904,0.6818181818181818,0.8,0.0,0.0,0.0
2,0.3988,0.5702479338842975,0.7333333333333333,0.716,0.0,0.0
3,0.4952,0.5454545454545454,0.6808080808080809,0.678,0.5900990099009901,0.0
4,0.5928,0.4896694214876033,0.6525252525252525,0.676,0.5643564356435643,0.5794573643410853
