,overall,task_0,task_1,task_2,task_3,task_4
0,0.158,0.8161157024793388,0.0,0.0,0.0,0.0
1,0.2724,0.6797520661157025,0.7111111111111111,0.0,0.0,0.0
2,0.3644,0.5805785123966942,0.6848484848484848,0.582,0.0,0.0
3,0.456,0.5557851239669421,0.6484848484848484,0.51,0.5841584158415841,0.0
4,0.564,0.5495867768595041,0.6343434343434343,0.498,0.5900990099009901,0.5484496124031008
