,overall,task_0,task_1,task_2,task_3,task_4
0,0.0888,0.41735537190082644,0.014141414141414142,0.0,0.02574257425742574,0.0
1,0.09,0.128099173553719,0.32525252525252524,0.0,0.0039603960396039604,0.0
2,0.1092,0.07851239669421488,0.296969696969697,0.172,0.0039603960396039604,0.0
3,0.1464,0.047520661157024795,0.22424242424242424,0.154,0.3069306930693069,0.0
4,0.1528,0.030991735537190084,0.19797979797979798,0.128,0.25346534653465347,0.14922480620155038
