,overall,task_0,task_1,task_2,task_3,task_4
0,0.104,0.22520661157024793,0.028282828282828285,0.046,0.21386138613861386,0.011627906976744186
1,0.1428,0.06611570247933884,0.509090909090909,0.014,0.12277227722772277,0.007751937984496124
2,0.164,0.01652892561983471,0.16161616161616163,0.596,0.04554455445544554,0.001937984496124031
3,0.144,0.012396694214876033,0.09090909090909091,0.28,0.3346534653465347,0.0
4,0.1508,0.006198347107438017,0.08686868686868687,0.198,0.28316831683168314,0.17248062015503876
