,overall,task_0,task_1,task_2,task_3,task_4
0,0.1288,0.506198347107438,0.00808080808080808,0.108,0.03762376237623762,0.0
1,0.1524,0.390495867768595,0.296969696969697,0.05,0.039603960396039604,0.0
2,0.1512,0.24793388429752067,0.1111111111111111,0.392,0.013861386138613862,0.0
3,0.1512,0.15082644628099173,0.06262626262626263,0.29,0.25544554455445545,0.0
4,0.1608,0.1446280991735537,0.05656565656565657,0.274,0.2376237623762376,0.09108527131782945
