,overall,task_0,task_1,task_2,task_3,task_4
0,0.1308,0.5537190082644629,0.028282828282828285,0.084,0.0019801980198019802,0.003875968992248062
1,0.148,0.29338842975206614,0.38181818181818183,0.068,0.0019801980198019802,0.007751937984496124
2,0.15,0.16942148760330578,0.3090909090909091,0.28,0.0,0.0
3,0.1724,0.09710743801652892,0.26262626262626265,0.222,0.28316831683168314,0.0
4,0.1764,0.05991735537190083,0.1696969696969697,0.19,0.14653465346534653,0.3081395348837209
