,overall,task_0,task_1,task_2,task_3,task_4
0,0.1548,0.7995867768595041,0.0,0.0,0.0,0.0
1,0.1788,0.0,0.9030303030303031,0.0,0.0,0.0
2,0.1752,0.0,0.0,0.876,0.0,0.0
3,0.178,0.0,0.0,0.0,0.8811881188118812,0.0
4,0.1944,0.0,0.0,0.0,0.0,0.9418604651162791
