,overall,task_0,task_1,task_2,task_3,task_4
0,0.106,0.48140495867768596,0.0,0.04,0.007920792079207921,0.015503875968992248
1,0.1344,0.3574380165289256,0.2808080808080808,0.018,0.013861386138613862,0.015503875968992248
2,0.1396,0.16322314049586778,0.15555555555555556,0.368,0.007920792079207921,0.009689922480620155
3,0.1564,0.08264462809917356,0.13333333333333333,0.248,0.3089108910891089,0.009689922480620155
4,0.1884,0.05991735537190083,0.10505050505050505,0.208,0.2376237623762376,0.32170542635658916
