,overall,task_0,task_1,task_2,task_3,task_4
0,0.176,0.9090909090909091,0.0,0.0,0.0,0.0
1,0.172,0.0,0.8686868686868687,0.0,0.0,0.0
2,0.1856,0.0,0.0,0.928,0.0,0.0
3,0.1908,0.0,0.0,0.0,0.9445544554455445,0.0
4,0.1868,0.0,0.0,0.0,0.0,0.9050387596899225
