,overall,task_0,task_1,task_2,task_3,task_4
0,0.1612,0.8326446280991735,0.0,0.0,0.0,0.0
1,0.1916,0.0,0.9676767676767677,0.0,0.0,0.0
2,0.1812,0.0,0.0,0.906,0.0,0.0
3,0.1776,0.0,0.0,0.0,0.8792079207920792,0.0
4,0.1968,0.0,0.0,0.0,0.0,0.9534883720930233
