,overall,task_0,task_1,task_2,task_3,task_4
0,0.1764,0.9111570247933884,0.0,0.0,0.0,0.0
1,0.1824,0.0,0.9212121212121213,0.0,0.0,0.0
2,0.1808,0.0,0.0,0.904,0.0,0.0
3,0.1792,0.0,0.0,0.0,0.8871287128712871,0.0
4,0.1888,0.0,0.0,0.0,0.0,0.9147286821705426
