,overall,task_0,task_1,task_2,task_3,task_4
0,0.1676,0.8657024793388429,0.0,0.0,0.0,0.0
1,0.1612,0.0,0.8141414141414142,0.0,0.0,0.0
2,0.176,0.0,0.0,0.88,0.0,0.0
3,0.1848,0.0,0.0,0.002,0.9128712871287129,0.0
4,0.1788,0.0,0.0,0.0,0.0,0.8662790697674418
