,overall,task_0,task_1,task_2,task_3,task_4
0,0.1164,0.518595041322314,0.012121212121212121,0.004,0.061386138613861385,0.001937984496124031
1,0.1368,0.27479338842975204,0.37777777777777777,0.006,0.03564356435643564,0.001937984496124031
2,0.1484,0.17355371900826447,0.2505050505050505,0.284,0.03762376237623762,0.003875968992248062
3,0.1424,0.08057851239669421,0.11717171717171718,0.138,0.37623762376237624,0.0
4,0.1456,0.06198347107438017,0.1111111111111111,0.114,0.25346534653465347,0.1821705426356589
