,overall,task_0,task_1,task_2,task_3,task_4
0,0.0912,0.34297520661157027,0.024242424242424242,0.01,0.0891089108910891,0.0
1,0.0988,0.128099173553719,0.3515151515151515,0.0,0.02178217821782178,0.0
2,0.09,0.08677685950413223,0.24444444444444444,0.112,0.011881188118811881,0.0
3,0.1368,0.026859504132231406,0.13535353535353536,0.05,0.4693069306930693,0.0
4,0.1376,0.022727272727272728,0.11717171717171718,0.05,0.38613861386138615,0.1065891472868217
