,overall,task_0,task_1,task_2,task_3,task_4
0,0.1288,0.5640495867768595,0.012121212121212121,0.014,0.01782178217821782,0.05232558139534884
1,0.1372,0.32231404958677684,0.3616161616161616,0.006,0.0039603960396039604,0.005813953488372093
2,0.1492,0.25,0.19595959595959597,0.302,0.0039603960396039604,0.003875968992248062
3,0.1672,0.1962809917355372,0.15757575757575756,0.232,0.2495049504950495,0.005813953488372093
4,0.156,0.15082644628099173,0.07474747474747474,0.088,0.15841584158415842,0.3023255813953488
