,overall,task_0,task_1,task_2,task_3,task_4
0,0.1764,0.9111570247933884,0.0,0.0,0.0,0.0
1,0.1816,0.0,0.9171717171717172,0.0,0.0,0.0
2,0.178,0.0,0.0,0.89,0.0,0.0
3,0.178,0.0,0.0,0.0,0.8811881188118812,0.0
4,0.1924,0.0,0.0,0.0,0.0,0.9321705426356589
