,overall,task_0,task_1,task_2,task_3,task_4
0,0.146,0.7334710743801653,0.0,0.0,0.0,0.01937984496124031
1,0.1556,0.5351239669421488,0.2585858585858586,0.0,0.0,0.003875968992248062
2,0.1712,0.45041322314049587,0.20606060606060606,0.208,0.0,0.007751937984496124
3,0.1664,0.33264462809917356,0.12323232323232323,0.144,0.2396039603960396,0.001937984496124031
4,0.1608,0.2665289256198347,0.06262626262626263,0.078,0.13267326732673268,0.26356589147286824
