,overall,task_0,task_1,task_2,task_3,task_4
0,0.1656,0.8553719008264463,0.0,0.0,0.0,0.0
1,0.1856,0.0,0.9373737373737374,0.0,0.0,0.0
2,0.1756,0.0,0.0,0.878,0.0,0.0
3,0.1792,0.0,0.0,0.0,0.8871287128712871,0.0
4,0.1848,0.0,0.0,0.0,0.0,0.8953488372093024
