,overall,task_0,task_1,task_2,task_3,task_4
0,0.1288,0.5495867768595041,0.010101010101010102,0.044,0.015841584158415842,0.040697674418604654
1,0.1356,0.30165289256198347,0.32525252525252524,0.026,0.0039603960396039604,0.03294573643410853
2,0.1564,0.15289256198347106,0.1393939393939394,0.454,0.0,0.040697674418604654
3,0.1556,0.15289256198347106,0.09292929292929293,0.388,0.12277227722772277,0.025193798449612403
4,0.1996,0.15495867768595042,0.08888888888888889,0.324,0.12079207920792079,0.30426356589147285
