,overall,task_0,task_1,task_2,task_3,task_4
0,0.172,0.8884297520661157,0.0,0.0,0.0,0.0
1,0.1776,0.0,0.896969696969697,0.0,0.0,0.0
2,0.1828,0.0,0.0,0.914,0.0,0.0
3,0.1732,0.0,0.0,0.0,0.8574257425742574,0.0
4,0.1968,0.0,0.0,0.0,0.0,0.9534883720930233
