,overall,task_0,task_1,task_2,task_3,task_4
0,0.1096,0.5475206611570248,0.00202020202020202,0.014,0.0019801980198019802,0.0
1,0.1584,0.4049586776859504,0.3939393939393939,0.004,0.005940594059405941,0.0
2,0.1476,0.2603305785123967,0.20202020202020202,0.286,0.0,0.0
3,0.142,0.2231404958677686,0.1898989898989899,0.192,0.11287128712871287,0.0
4,0.1624,0.16735537190082644,0.14747474747474748,0.158,0.06930693069306931,0.26744186046511625
