,overall,task_0,task_1,task_2,task_3,task_4
0,0.1116,0.5454545454545454,0.00202020202020202,0.0,0.0,0.027131782945736434
1,0.1288,0.3739669421487603,0.2585858585858586,0.0,0.0019801980198019802,0.023255813953488372
2,0.1312,0.20867768595041322,0.17575757575757575,0.25,0.0019801980198019802,0.027131782945736434
3,0.1396,0.128099173553719,0.07474747474747474,0.142,0.3405940594059406,0.013565891472868217
4,0.1472,0.05785123966942149,0.03838383838383838,0.09,0.16435643564356436,0.374031007751938
