,overall,task_0,task_1,task_2,task_3,task_4
0,0.1736,0.8966942148760331,0.0,0.0,0.0,0.0
1,0.2928,0.71900826446281,0.7757575757575758,0.0,0.0,0.0
2,0.4004,0.6838842975206612,0.6202020202020202,0.726,0.0,0.0
3,0.4868,0.6859504132231405,0.5656565656565656,0.662,0.5425742574257426,0.0
4,0.578,0.6157024793388429,0.5292929292929293,0.636,0.5465346534653466,0.563953488372093
