,overall,task_0,task_1,task_2,task_3,task_4
0,0.1752,0.9049586776859504,0.0,0.0,0.0,0.0
1,0.1828,0.0,0.9232323232323232,0.0,0.0,0.0
2,0.1868,0.0,0.0,0.934,0.0,0.0
3,0.1696,0.0,0.0,0.0,0.8396039603960396,0.0
4,0.1828,0.0,0.0,0.0,0.0,0.8856589147286822
