,overall,task_0,task_1,task_2,task_3,task_4
0,0.1728,0.8925619834710744,0.0,0.0,0.0,0.0
1,0.3204,0.743801652892562,0.8909090909090909,0.0,0.0,0.0
2,0.4212,0.6570247933884298,0.6989898989898989,0.778,0.0,0.0
3,0.5088,0.5661157024793388,0.6747474747474748,0.556,0.7643564356435644,0.0
4,0.602,0.5454545454545454,0.5515151515151515,0.558,0.5841584158415841,0.7635658914728682
