,overall,task_0,task_1,task_2,task_3,task_4
0,0.1804,0.9318181818181818,0.0,0.0,0.0,0.0
1,0.1864,0.0,0.9414141414141414,0.0,0.0,0.0
2,0.1888,0.0,0.0,0.944,0.0,0.0
3,0.1824,0.0,0.0,0.0,0.902970297029703,0.0
4,0.1952,0.0,0.0,0.0,0.0,0.9457364341085271
