,overall,task_0,task_1,task_2,task_3,task_4
0,0.1684,0.8698347107438017,0.0,0.0,0.0,0.0
1,0.188,0.0,0.9494949494949495,0.0,0.0,0.0
2,0.1812,0.0,0.0,0.906,0.0,0.0
3,0.1888,0.0,0.0,0.0,0.9346534653465347,0.0
4,0.1932,0.0,0.0,0.0,0.0,0.936046511627907
