,overall,task_0,task_1,task_2,task_3,task_4
0,0.1056,0.4690082644628099,0.014141414141414142,0.02,0.03762376237623762,0.001937984496124031
1,0.1332,0.2809917355371901,0.3575757575757576,0.018,0.019801980198019802,0.001937984496124031
2,0.1364,0.11776859504132231,0.2080808080808081,0.346,0.013861386138613862,0.001937984496124031
3,0.1384,0.0743801652892562,0.14343434343434344,0.214,0.2613861386138614,0.0
4,0.1288,0.04132231404958678,0.10303030303030303,0.12,0.2079207920792079,0.16666666666666666
