,overall,task_0,task_1,task_2,task_3,task_4
0,0.1032,0.4772727272727273,0.00202020202020202,0.016,0.0019801980198019802,0.03294573643410853
1,0.0904,0.1921487603305785,0.23434343434343435,0.014,0.0,0.01937984496124031
2,0.1188,0.11363636363636363,0.13333333333333333,0.342,0.0,0.009689922480620155
3,0.1236,0.10950413223140495,0.10909090909090909,0.236,0.15247524752475247,0.013565891472868217
4,0.1192,0.05371900826446281,0.030303030303030304,0.106,0.0891089108910891,0.3081395348837209
