,overall,task_0,task_1,task_2,task_3,task_4
0,0.152,0.7851239669421488,0.0,0.0,0.0,0.0
1,0.1764,0.0,0.8909090909090909,0.0,0.0,0.0
2,0.1776,0.0,0.0,0.888,0.0,0.0
3,0.174,0.0,0.0,0.0,0.8613861386138614,0.0
4,0.194,0.0,0.0,0.0,0.0,0.939922480620155
