,overall,task_0,task_1,task_2,task_3,task_4
0,0.1816,0.9380165289256198,0.0,0.0,0.0,0.0
1,0.3152,0.75,0.8585858585858586,0.0,0.0,0.0
2,0.4324,0.71900826446281,0.6565656565656566,0.816,0.0,0.0
3,0.5224,0.6342975206611571,0.5696969696969697,0.674,0.7524752475247525,0.0
4,0.6356,0.5909090909090909,0.5393939393939394,0.618,0.6257425742574257,0.7965116279069767
