,overall,task_0,task_1,task_2,task_3,task_4
0,0.1792,0.9256198347107438,0.0,0.0,0.0,0.0
1,0.3164,0.7603305785123967,0.8545454545454545,0.0,0.0,0.0
2,0.4392,0.6859504132231405,0.7474747474747475,0.792,0.0,0.0
3,0.5376,0.6900826446280992,0.6202020202020202,0.652,0.7465346534653465,0.0
4,0.6204,0.5764462809917356,0.6202020202020202,0.616,0.5603960396039604,0.7248062015503876
