,overall,task_0,task_1,task_2,task_3,task_4
0,0.1364,0.5041322314049587,0.07474747474747474,0.04,0.0019801980198019802,0.0755813953488372
1,0.1432,0.2231404958677686,0.46464646464646464,0.006,0.0,0.03294573643410853
2,0.1504,0.09710743801652892,0.27474747474747474,0.364,0.0,0.02131782945736434
3,0.1532,0.08677685950413223,0.23030303030303031,0.266,0.16435643564356436,0.02131782945736434
4,0.156,0.04132231404958678,0.12525252525252525,0.18,0.13663366336633664,0.28875968992248063
