,overall,task_0,task_1,task_2,task_3,task_4
0,0.0972,0.4896694214876033,0.00202020202020202,0.004,0.005940594059405941,0.0
1,0.1096,0.38636363636363635,0.14343434343434344,0.006,0.011881188118811881,0.013565891472868217
2,0.146,0.3285123966942149,0.10303030303030303,0.286,0.005940594059405941,0.01744186046511628
3,0.162,0.2334710743801653,0.08484848484848485,0.21,0.2871287128712871,0.0
4,0.2012,0.16735537190082644,0.05656565656565657,0.184,0.25544554455445545,0.33527131782945735
