,overall,task_0,task_1,task_2,task_3,task_4
0,0.0936,0.4194214876033058,0.04242424242424243,0.002,0.011881188118811881,0.005813953488372093
1,0.1112,0.09297520661157024,0.4626262626262626,0.0,0.005940594059405941,0.001937984496124031
2,0.1104,0.07024793388429752,0.3414141414141414,0.138,0.007920792079207921,0.0
3,0.1196,0.01652892561983471,0.26262626262626265,0.052,0.26732673267326734,0.0
4,0.1392,0.01652892561983471,0.21616161616161617,0.024,0.20594059405940593,0.22674418604651161
