,overall,task_0,task_1,task_2,task_3,task_4
0,0.1716,0.8863636363636364,0.0,0.0,0.0,0.0
1,0.184,0.0,0.9292929292929293,0.0,0.0,0.0
2,0.1868,0.0,0.0,0.934,0.0,0.0
3,0.1868,0.0,0.0,0.0,0.9247524752475248,0.0
4,0.19,0.0,0.0,0.0,0.0,0.9205426356589147
