,overall,task_0,task_1,task_2,task_3,task_4
0,0.1036,0.5041322314049587,0.00808080808080808,0.018,0.0039603960396039604,0.0
1,0.1288,0.22727272727272727,0.4202020202020202,0.006,0.0019801980198019802,0.0
2,0.1596,0.12396694214876033,0.2505050505050505,0.428,0.0019801980198019802,0.0
3,0.1524,0.07851239669421488,0.2383838383838384,0.292,0.15643564356435644,0.0
4,0.1664,0.0640495867768595,0.21616161616161617,0.256,0.11089108910891089,0.1821705426356589
