,overall,task_0,task_1,task_2,task_3,task_4
0,0.1692,0.8739669421487604,0.0,0.0,0.0,0.0
1,0.2816,0.7252066115702479,0.7131313131313132,0.0,0.0,0.0
2,0.3848,0.6652892561983471,0.6343434343434343,0.652,0.0,0.0
3,0.4876,0.6053719008264463,0.593939393939394,0.6,0.6574257425742575,0.0
4,0.5804,0.5681818181818182,0.5474747474747474,0.576,0.6415841584158416,0.5678294573643411
