,overall,task_0,task_1,task_2,task_3,task_4
0,0.0944,0.3884297520661157,0.026262626262626262,0.004,0.03564356435643564,0.029069767441860465
1,0.1224,0.20454545454545456,0.40404040404040403,0.0,0.011881188118811881,0.001937984496124031
2,0.1468,0.17355371900826447,0.2545454545454545,0.308,0.0039603960396039604,0.001937984496124031
3,0.1348,0.09917355371900827,0.17575757575757575,0.126,0.2732673267326733,0.001937984496124031
4,0.1096,0.01859504132231405,0.06666666666666667,0.092,0.19801980198019803,0.16666666666666666
