,overall,task_0,task_1,task_2,task_3,task_4
0,0.1676,0.8657024793388429,0.0,0.0,0.0,0.0
1,0.316,0.7458677685950413,0.8666666666666667,0.0,0.0,0.0
2,0.4168,0.6301652892561983,0.6767676767676768,0.804,0.0,0.0
3,0.5236,0.5950413223140496,0.6646464646464646,0.582,0.7940594059405941,0.0
4,0.6104,0.5371900826446281,0.6666666666666666,0.526,0.594059405940594,0.7228682170542635
