,overall,task_0,task_1,task_2,task_3,task_4
0,0.1224,0.5082644628099173,0.03838383838383838,0.034,0.033663366336633666,0.013565891472868217
1,0.1284,0.16942148760330578,0.46060606060606063,0.006,0.011881188118811881,0.003875968992248062
2,0.1696,0.12190082644628099,0.40404040404040403,0.322,0.005940594059405941,0.001937984496124031
3,0.1736,0.049586776859504134,0.2606060606060606,0.222,0.3346534653465347,0.001937984496124031
4,0.1568,0.05165289256198347,0.2080808080808081,0.142,0.2514851485148515,0.12790697674418605
