,overall,task_0,task_1,task_2,task_3,task_4
0,0.1604,0.8285123966942148,0.0,0.0,0.0,0.0
1,0.286,0.7148760330578512,0.7454545454545455,0.0,0.0,0.0
2,0.3832,0.5330578512396694,0.7555555555555555,0.652,0.0,0.0
3,0.5004,0.49173553719008267,0.701010101010101,0.644,0.6811881188118812,0.0
4,0.5872,0.45041322314049587,0.701010101010101,0.622,0.691089108910891,0.47093023255813954
