,overall,task_0,task_1,task_2,task_3,task_4
0,0.1052,0.4524793388429752,0.0707070707070707,0.016,0.0019801980198019802,0.0
1,0.1092,0.2768595041322314,0.2808080808080808,0.0,0.0,0.0
2,0.1792,0.25,0.22424242424242424,0.432,0.0,0.0
3,0.1904,0.11570247933884298,0.16363636363636364,0.408,0.26732673267326734,0.0
4,0.1828,0.09710743801652892,0.12121212121212122,0.34,0.21386138613861386,0.13953488372093023
