,overall,task_0,task_1,task_2,task_3,task_4
0,0.1176,0.29338842975206614,0.1494949494949495,0.016,0.05148514851485148,0.08527131782945736
1,0.1444,0.12396694214876033,0.5717171717171717,0.006,0.01782178217821782,0.011627906976744186
2,0.1496,0.0743801652892562,0.4484848484848485,0.222,0.0019801980198019802,0.007751937984496124
3,0.1836,0.049586776859504134,0.40404040404040403,0.202,0.2633663366336634,0.001937984496124031
4,0.1684,0.026859504132231406,0.2868686868686869,0.056,0.1504950495049505,0.313953488372093
