,overall,task_0,task_1,task_2,task_3,task_4
0,0.1708,0.8822314049586777,0.0,0.0,0.0,0.0
1,0.2932,0.7954545454545454,0.703030303030303,0.0,0.0,0.0
2,0.4084,0.7252066115702479,0.6686868686868687,0.678,0.0,0.0
3,0.4928,0.71900826446281,0.6303030303030303,0.61,0.5287128712871287,0.0
4,0.5732,0.6756198347107438,0.6181818181818182,0.578,0.4792079207920792,0.5213178294573644
