,overall,task_0,task_1,task_2,task_3,task_4
0,0.1104,0.4297520661157025,0.05858585858585859,0.046,0.027722772277227723,0.003875968992248062
1,0.1416,0.27479338842975204,0.43232323232323233,0.01,0.0019801980198019802,0.001937984496124031
2,0.1216,0.1446280991735537,0.16363636363636364,0.306,0.0,0.0
3,0.1168,0.08264462809917356,0.06060606060606061,0.204,0.2376237623762376,0.0
4,0.1344,0.11983471074380166,0.03838383838383838,0.2,0.2079207920792079,0.10465116279069768
