,overall,task_0,task_1,task_2,task_3,task_4
0,0.0872,0.4214876033057851,0.00404040404040404,0.002,0.005940594059405941,0.015503875968992248
1,0.1116,0.2727272727272727,0.2686868686868687,0.002,0.007920792079207921,0.01744186046511628
2,0.1264,0.14669421487603307,0.22828282828282828,0.246,0.007920792079207921,0.009689922480620155
3,0.1564,0.1115702479338843,0.18383838383838383,0.148,0.3306930693069307,0.009689922480620155
4,0.148,0.03925619834710744,0.12727272727272726,0.082,0.2376237623762376,0.24612403100775193
