,accuracy,f1,precision,recall,model
0,0.5076,0.4940675856411657,0.5090550818042455,0.527432029505166,iter_65
1,0.7376,0.7366709405990768,0.7374769600940337,0.737121741666734,model_full_65
2,0.1072,0.0957169477571871,0.1080824620706168,0.1113760448012968,model_empty_65
3,0.1972,0.1751109687683305,0.1993838598035758,0.1895101618347995,empty_trained_65
4,0.7388,0.7379693269442134,0.738695842686905,0.7382647549550175,model_full_trained_65
5,0.7152,0.7144725883044452,0.7156745476702046,0.7148158528239413,empty_trained_replay_65
6,0.7564,0.7558295328206399,0.756374661681742,0.7562098090198536,model_full_trained_replay_65
