,overall,task_0,task_1,task_2,task_3,task_4
0,0.0832,0.05785123966942149,0.2808080808080808,0.028,0.01782178217821782,0.03488372093023256
1,0.0832,0.05785123966942149,0.2808080808080808,0.028,0.01782178217821782,0.03488372093023256
2,0.0832,0.05785123966942149,0.2808080808080808,0.028,0.01782178217821782,0.03488372093023256
3,0.0832,0.05785123966942149,0.2808080808080808,0.028,0.01782178217821782,0.03488372093023256
4,0.0832,0.05785123966942149,0.2808080808080808,0.028,0.01782178217821782,0.03488372093023256
