,overall,task_0,task_1,task_2,task_3,task_4
0,0.0916,0.010330578512396695,0.05656565656565657,0.082,0.03564356435643564,0.2655038759689923
1,0.0916,0.010330578512396695,0.05656565656565657,0.082,0.03564356435643564,0.2655038759689923
2,0.0916,0.010330578512396695,0.05656565656565657,0.082,0.03564356435643564,0.2655038759689923
3,0.0916,0.010330578512396695,0.05656565656565657,0.082,0.03564356435643564,0.2655038759689923
4,0.0916,0.010330578512396695,0.05656565656565657,0.082,0.03564356435643564,0.2655038759689923
