,overall,task_0,task_1,task_2,task_3,task_4
0,0.1764,0.8925619834710744,0.0,0.0,0.0,0.0
1,0.1668,0.0,0.8565656565656565,0.0,0.0,0.0
2,0.1804,0.0,0.0,0.908,0.0,0.0
3,0.1832,0.0,0.0,0.002,0.902970297029703,0.0
4,0.1884,0.0,0.0,0.0,0.0,0.8992248062015504
