,overall,task_0,task_1,task_2,task_3,task_4
0,0.094,0.049586776859504134,0.028282828282828285,0.298,0.06930693069306931,0.025193798449612403
1,0.094,0.049586776859504134,0.028282828282828285,0.298,0.06930693069306931,0.025193798449612403
2,0.094,0.049586776859504134,0.028282828282828285,0.298,0.06930693069306931,0.025193798449612403
3,0.094,0.049586776859504134,0.028282828282828285,0.298,0.06930693069306931,0.025193798449612403
4,0.094,0.049586776859504134,0.028282828282828285,0.298,0.06930693069306931,0.025193798449612403
