,overall,task_0,task_1,task_2,task_3,task_4
0,0.1664,0.8698347107438017,0.0,0.0,0.0,0.0
1,0.1724,0.0,0.8909090909090909,0.0,0.0,0.0
2,0.1788,0.0,0.0,0.892,0.0,0.0
3,0.1696,0.0,0.0,0.0,0.8673267326732673,0.0
4,0.1908,0.0,0.0,0.0,0.0,0.939922480620155
