,overall,task_0,task_1,task_2,task_3,task_4
0,0.1564,0.8078512396694215,0.0,0.0,0.0,0.0
1,0.164,0.002066115702479339,0.8262626262626263,0.0,0.0,0.0
2,0.1676,0.0,0.00202020202020202,0.836,0.0,0.0
3,0.182,0.0,0.0,0.0,0.900990099009901,0.0
4,0.1764,0.0,0.0,0.0,0.0,0.8546511627906976
