,overall,task_0,task_1,task_2,task_3,task_4
0,0.0892,0.08264462809917356,0.07878787878787878,0.168,0.06732673267326733,0.05232558139534884
1,0.0856,0.07851239669421488,0.07878787878787878,0.148,0.07128712871287128,0.06201550387596899
2,0.0892,0.09504132231404959,0.06868686868686869,0.178,0.09900990099009901,0.06395348837209303
3,0.086,0.07644628099173553,0.09898989898989899,0.148,0.07128712871287128,0.05813953488372093
4,0.0936,0.05371900826446281,0.07676767676767676,0.158,0.09900990099009901,0.04844961240310078
