,overall,task_0,task_1,task_2,task_3,task_4
0,0.184,0.9297520661157025,0.0,0.01,0.005940594059405941,0.005813953488372093
1,0.366,0.8636363636363636,0.8888888888888888,0.072,0.039603960396039604,0.031007751937984496
2,0.484,0.7933884297520661,0.8222222222222222,0.786,0.06336633663366337,0.029069767441860465
3,0.5896,0.743801652892562,0.7090909090909091,0.7,0.7069306930693069,0.07364341085271318
4,0.6884,0.6838842975206612,0.7353535353535353,0.622,0.6356435643564357,0.7131782945736435
