,overall,task_0,task_1,task_2,task_3,task_4
0,0.1808,0.9070247933884298,0.006060606060606061,0.004,0.007920792079207921,0.005813953488372093
1,0.34,0.7830578512396694,0.8565656565656565,0.014,0.02178217821782178,0.06589147286821706
2,0.4604,0.6880165289256198,0.7797979797979798,0.784,0.03564356435643564,0.06201550387596899
3,0.5624,0.6487603305785123,0.6727272727272727,0.684,0.7168316831683168,0.08914728682170543
4,0.6672,0.6322314049586777,0.6323232323232323,0.632,0.6633663366336634,0.6996124031007752
