,overall,task_0,task_1,task_2,task_3,task_4
0,0.1744,0.8925619834710744,0.0,0.0,0.0,0.0
1,0.1764,0.0,0.8828282828282829,0.0,0.0,0.0
2,0.1788,0.0,0.0,0.896,0.0,0.0
3,0.1752,0.0,0.0,0.0,0.8514851485148515,0.0
4,0.1784,0.0,0.0,0.0,0.0,0.8934108527131783
