,overall,task_0,task_1,task_2,task_3,task_4
0,0.1632,0.8615702479338843,0.0,0.0,0.0,0.0
1,0.1796,0.0,0.9050505050505051,0.0,0.0,0.0
2,0.188,0.0,0.00202020202020202,0.932,0.0,0.0
3,0.186,0.0,0.0,0.0,0.9188118811881189,0.0
4,0.1872,0.0,0.0,0.0,0.0,0.8992248062015504
