,overall,task_0,task_1,task_2,task_3,task_4
0,0.1136,0.13429752066115702,0.1393939393939394,0.07,0.15841584158415842,0.06782945736434108
1,0.1136,0.13429752066115702,0.1393939393939394,0.07,0.15841584158415842,0.06782945736434108
2,0.1136,0.13429752066115702,0.1393939393939394,0.07,0.15841584158415842,0.06782945736434108
3,0.1136,0.13429752066115702,0.1393939393939394,0.07,0.15841584158415842,0.06782945736434108
4,0.1136,0.13429752066115702,0.1393939393939394,0.07,0.15841584158415842,0.06782945736434108
