,overall,task_0,task_1,task_2,task_3,task_4
0,0.1576,0.8140495867768595,0.0,0.0,0.0,0.0
1,0.1732,0.0,0.8747474747474747,0.0,0.0,0.0
2,0.1616,0.0,0.0,0.808,0.0,0.0
3,0.1696,0.0,0.0,0.0,0.8396039603960396,0.0
4,0.1692,0.0,0.0,0.0,0.0,0.8197674418604651
