,overall,task_0,task_1,task_2,task_3,task_4
0,0.1748,0.9028925619834711,0.0,0.0,0.0,0.0
1,0.326,0.7871900826446281,0.8727272727272727,0.0,0.0,0.0
2,0.4484,0.7128099173553719,0.7494949494949495,0.798,0.0,0.0
3,0.548,0.6590909090909091,0.705050505050505,0.728,0.7306930693069307,0.0
4,0.66,0.6177685950413223,0.6242424242424243,0.656,0.6871287128712872,0.6957364341085271
