,overall,task_0,task_1,task_2,task_3,task_4
0,0.0928,0.03925619834710744,0.044444444444444446,0.022,0.1801980198019802,0.15891472868217055
1,0.0892,0.05578512396694215,0.03838383838383838,0.03,0.17623762376237623,0.16666666666666666
2,0.098,0.03512396694214876,0.04242424242424243,0.016,0.15841584158415842,0.15310077519379844
3,0.098,0.06198347107438017,0.046464646464646465,0.026,0.19801980198019803,0.1434108527131783
4,0.0924,0.045454545454545456,0.05454545454545454,0.016,0.18613861386138614,0.15891472868217055
