,overall,task_0,task_1,task_2,task_3,task_4
0,0.1672,0.871900826446281,0.0,0.0,0.0,0.0
1,0.182,0.0,0.9272727272727272,0.0,0.0,0.0
2,0.1708,0.0,0.0,0.868,0.0,0.0
3,0.1852,0.0,0.0,0.0,0.9128712871287129,0.0
4,0.1904,0.0,0.0,0.0,0.0,0.9302325581395349
