,overall,task_0,task_1,task_2,task_3,task_4
0,0.158,0.8305785123966942,0.0,0.0,0.0,0.0
1,0.1676,0.0,0.8686868686868687,0.0,0.0,0.0
2,0.1736,0.0,0.010101010101010102,0.844,0.0,0.0
3,0.1852,0.0,0.0,0.0,0.904950495049505,0.0
4,0.18,0.0,0.0,0.0,0.0,0.877906976744186
