,overall,task_0,task_1,task_2,task_3,task_4
0,0.1724,0.9049586776859504,0.0,0.0,0.0,0.0
1,0.166,0.0,0.8323232323232324,0.0,0.0,0.0
2,0.1828,0.0,0.0,0.916,0.0,0.0
3,0.1828,0.0,0.0,0.004,0.9089108910891089,0.0
4,0.188,0.0,0.0,0.0,0.0,0.9127906976744186
