,overall,task_0,task_1,task_2,task_3,task_4
0,0.1804,0.9152892561983471,0.006060606060606061,0.002,0.0019801980198019802,0.001937984496124031
1,0.3476,0.8016528925619835,0.9030303030303031,0.024,0.033663366336633666,0.023255813953488372
2,0.4696,0.7417355371900827,0.7838383838383839,0.766,0.02574257425742574,0.025193798449612403
3,0.5716,0.6260330578512396,0.7494949494949495,0.688,0.7108910891089109,0.08914728682170543
4,0.6832,0.609504132231405,0.7353535353535353,0.652,0.6811881188118812,0.7441860465116279
