,overall,task_0,task_1,task_2,task_3,task_4
0,0.1612,0.8429752066115702,0.0,0.0,0.0,0.0
1,0.1892,0.0,0.9434343434343434,0.0,0.0,0.0
2,0.1784,0.0,0.0,0.888,0.0,0.0
3,0.1716,0.0,0.0,0.0,0.8673267326732673,0.0
4,0.1952,0.0,0.0,0.0,0.0,0.9437984496124031
