,overall,task_0,task_1,task_2,task_3,task_4
0,0.1796,0.9297520661157025,0.0,0.0,0.0,0.0
1,0.3388,0.8305785123966942,0.8909090909090909,0.0,0.0,0.0
2,0.4596,0.7252066115702479,0.802020202020202,0.822,0.0,0.0
3,0.572,0.6880165289256198,0.7535353535353535,0.688,0.7366336633663366,0.0
4,0.6688,0.6260330578512396,0.7474747474747475,0.614,0.6475247524752475,0.6996124031007752
