,overall,task_0,task_1,task_2,task_3,task_4
0,0.156,0.8285123966942148,0.0,0.0,0.0,0.0
1,0.178,0.0,0.907070707070707,0.0,0.0,0.0
2,0.166,0.0,0.0,0.822,0.0,0.0
3,0.176,0.0,0.0,0.0,0.8613861386138614,0.0
4,0.1804,0.0,0.0,0.0,0.0019801980198019802,0.872093023255814
