,overall,task_0,task_1,task_2,task_3,task_4
0,0.1004,0.09297520661157024,0.1393939393939394,0.19,0.06534653465346535,0.044573643410852716
1,0.104,0.13636363636363635,0.12121212121212122,0.13,0.055445544554455446,0.040697674418604654
2,0.1128,0.12190082644628099,0.12727272727272726,0.18,0.05148514851485148,0.031007751937984496
3,0.0992,0.10537190082644628,0.08686868686868687,0.152,0.04356435643564356,0.040697674418604654
4,0.1004,0.12396694214876033,0.1414141414141414,0.174,0.06336633663366337,0.040697674418604654
