,overall,task_0,task_1,task_2,task_3,task_4
0,0.1072,0.10537190082644628,0.08888888888888889,0.072,0.13267326732673268,0.1511627906976744
1,0.116,0.08884297520661157,0.09494949494949495,0.08,0.14653465346534653,0.15503875968992248
2,0.1192,0.12603305785123967,0.08484848484848485,0.076,0.1306930693069307,0.1511627906976744
3,0.1212,0.08677685950413223,0.10101010101010101,0.086,0.12079207920792079,0.16085271317829458
4,0.114,0.128099173553719,0.1111111111111111,0.088,0.1504950495049505,0.1569767441860465
