,overall,task_0,task_1,task_2,task_3,task_4
0,0.166,0.8698347107438017,0.0,0.0,0.0,0.0
1,0.1648,0.0,0.8303030303030303,0.0,0.0,0.0
2,0.1652,0.0,0.0,0.826,0.0,0.0
3,0.1632,0.0,0.0,0.0,0.8178217821782178,0.0
4,0.1676,0.0,0.0,0.0,0.0,0.7829457364341085
