,overall,task_0,task_1,task_2,task_3,task_4
0,0.154,0.8119834710743802,0.0,0.0,0.0,0.0
1,0.1752,0.0,0.8828282828282829,0.0,0.0,0.0
2,0.162,0.0,0.0,0.806,0.0,0.0
3,0.1756,0.0,0.0,0.0,0.8772277227722772,0.0
4,0.1772,0.0,0.0,0.0,0.0,0.8662790697674418
