,overall,task_0,task_1,task_2,task_3,task_4
0,0.1008,0.09090909090909091,0.22828282828282828,0.066,0.06336633663366337,0.0755813953488372
1,0.0864,0.07644628099173553,0.24242424242424243,0.078,0.05148514851485148,0.05813953488372093
2,0.0908,0.08264462809917356,0.19797979797979798,0.04,0.053465346534653464,0.05813953488372093
3,0.0884,0.0743801652892562,0.21414141414141413,0.05,0.0594059405940594,0.05232558139534884
4,0.0872,0.07231404958677685,0.22626262626262628,0.066,0.053465346534653464,0.0562015503875969
