,overall,task_0,task_1,task_2,task_3,task_4
0,0.0976,0.07851239669421488,0.09292929292929293,0.076,0.1485148514851485,0.09302325581395349
1,0.0896,0.09504132231404959,0.07474747474747474,0.068,0.17623762376237623,0.07364341085271318
2,0.0864,0.09504132231404959,0.07878787878787878,0.06,0.13465346534653466,0.07751937984496124
3,0.094,0.08677685950413223,0.09494949494949495,0.074,0.1405940594059406,0.07945736434108527
4,0.0964,0.08884297520661157,0.07474747474747474,0.078,0.16831683168316833,0.09302325581395349
