,overall,task_0,task_1,task_2,task_3,task_4
0,0.0864,0.05578512396694215,0.09898989898989899,0.176,0.10693069306930693,0.01744186046511628
1,0.0904,0.07024793388429752,0.08888888888888889,0.16,0.08712871287128712,0.013565891472868217
2,0.0744,0.049586776859504134,0.11515151515151516,0.144,0.07128712871287128,0.009689922480620155
3,0.074,0.05165289256198347,0.1111111111111111,0.148,0.10297029702970296,0.023255813953488372
4,0.0804,0.04132231404958678,0.09696969696969697,0.126,0.10891089108910891,0.023255813953488372
