,overall,task_0,task_1,task_2,task_3,task_4
0,0.1236,0.2190082644628099,0.05656565656565657,0.316,0.015841584158415842,0.01744186046511628
1,0.1236,0.2190082644628099,0.05656565656565657,0.316,0.015841584158415842,0.01744186046511628
2,0.1236,0.2190082644628099,0.05656565656565657,0.316,0.015841584158415842,0.01744186046511628
3,0.1236,0.2190082644628099,0.05656565656565657,0.316,0.015841584158415842,0.01744186046511628
4,0.1236,0.2190082644628099,0.05656565656565657,0.316,0.015841584158415842,0.01744186046511628
