,overall,task_0,task_1,task_2,task_3,task_4
0,0.1632,0.8491735537190083,0.0,0.0,0.0,0.0
1,0.1684,0.0,0.8565656565656565,0.0,0.0,0.0
2,0.1776,0.0,0.00404040404040404,0.858,0.0,0.0
3,0.1844,0.0,0.0,0.0,0.9108910891089109,0.0
4,0.1772,0.0,0.0,0.0,0.0,0.8624031007751938
