,overall,task_0,task_1,task_2,task_3,task_4
0,0.1216,0.1322314049586777,0.10505050505050505,0.17,0.07524752475247524,0.08333333333333333
1,0.1108,0.11776859504132231,0.10303030303030303,0.214,0.05148514851485148,0.08914728682170543
2,0.1104,0.11570247933884298,0.09898989898989899,0.156,0.08514851485148515,0.09883720930232558
3,0.1092,0.11570247933884298,0.10909090909090909,0.152,0.07128712871287128,0.06976744186046512
4,0.1168,0.1322314049586777,0.08282828282828283,0.208,0.06732673267326733,0.08914728682170543
