,overall,task_0,task_1,task_2,task_3,task_4
0,0.1588,0.8016528925619835,0.0,0.0,0.0,0.0
1,0.1596,0.0,0.8323232323232324,0.0,0.0,0.0
2,0.1716,0.0,0.0,0.842,0.0,0.0
3,0.1576,0.0,0.0,0.0,0.7940594059405941,0.0
4,0.1884,0.0,0.0,0.0,0.0,0.9011627906976745
