,overall,task_0,task_1,task_2,task_3,task_4
0,0.1604,0.8223140495867769,0.0,0.0,0.0,0.0
1,0.19,0.0,0.9474747474747475,0.0,0.0,0.0
2,0.18,0.0,0.0,0.908,0.0,0.0
3,0.1784,0.0,0.0,0.0,0.8554455445544554,0.0
4,0.194,0.0,0.0,0.0,0.0,0.939922480620155
