,overall,task_0,task_1,task_2,task_3,task_4
0,0.1724,0.8842975206611571,0.0,0.0,0.0,0.0
1,0.1808,0.0,0.9353535353535354,0.0,0.0,0.0
2,0.1904,0.0,0.0,0.928,0.0,0.0
3,0.1748,0.0,0.0,0.0,0.8910891089108911,0.0
4,0.1932,0.0,0.0,0.0,0.0019801980198019802,0.9437984496124031
