,overall,task_0,task_1,task_2,task_3,task_4
0,0.094,0.09710743801652892,0.08686868686868687,0.094,0.07326732673267326,0.06589147286821706
1,0.0852,0.08471074380165289,0.09090909090909091,0.094,0.08712871287128712,0.060077519379844964
2,0.0836,0.05578512396694215,0.08484848484848485,0.112,0.09900990099009901,0.05813953488372093
3,0.0888,0.09090909090909091,0.06868686868686869,0.102,0.07722772277227723,0.06395348837209303
4,0.0772,0.08471074380165289,0.09898989898989899,0.096,0.11089108910891089,0.06201550387596899
