,overall,task_0,task_1,task_2,task_3,task_4
0,0.1828,0.9566115702479339,0.0,0.0,0.0,0.0
1,0.3296,0.8285123966942148,0.8767676767676768,0.0,0.0,0.0
2,0.4556,0.762396694214876,0.7454545454545455,0.81,0.0,0.0
3,0.574,0.7210743801652892,0.6646464646464646,0.73,0.7524752475247525,0.0
4,0.6668,0.6818181818181818,0.6242424242424243,0.662,0.689108910891089,0.689922480620155
