,overall,task_0,task_1,task_2,task_3,task_4
0,0.184,0.9483471074380165,0.0,0.0,0.0,0.0
1,0.3332,0.8842975206611571,0.8464646464646465,0.0,0.0,0.0
2,0.4616,0.8202479338842975,0.7595959595959596,0.792,0.0,0.0
3,0.5732,0.7024793388429752,0.703030303030303,0.68,0.7386138613861386,0.0
4,0.67,0.6859504132231405,0.696969696969697,0.62,0.6693069306930693,0.6918604651162791
