,overall,task_0,task_1,task_2,task_3,task_4
0,0.1724,0.890495867768595,0.0,0.0,0.0,0.0
1,0.1804,0.0,0.9111111111111111,0.0,0.0,0.0
2,0.188,0.0,0.0,0.94,0.0,0.0
3,0.1728,0.0,0.0,0.0,0.8554455445544554,0.0
4,0.1836,0.0,0.0,0.0,0.0,0.8895348837209303
