,overall,task_0,task_1,task_2,task_3,task_4
0,0.1764,0.8925619834710744,0.0,0.0,0.0,0.0
1,0.1716,0.0,0.8808080808080808,0.0,0.0,0.0
2,0.1768,0.0,0.0,0.888,0.0,0.0
3,0.1748,0.0,0.0,0.0,0.8792079207920792,0.0
4,0.174,0.0,0.0,0.0,0.0,0.8430232558139535
