,overall,task_0,task_1,task_2,task_3,task_4
0,0.1792,0.8884297520661157,0.00202020202020202,0.006,0.009900990099009901,0.005813953488372093
1,0.3444,0.7913223140495868,0.8808080808080808,0.038,0.039603960396039604,0.02131782945736434
2,0.4804,0.6983471074380165,0.7858585858585858,0.796,0.053465346534653464,0.04263565891472868
3,0.5872,0.6652892561983471,0.7090909090909091,0.706,0.7762376237623763,0.1124031007751938
4,0.6632,0.5991735537190083,0.701010101010101,0.656,0.7445544554455445,0.6937984496124031
