,overall,task_0,task_1,task_2,task_3,task_4
0,0.0848,0.12603305785123967,0.048484848484848485,0.014,0.06336633663366337,0.18604651162790697
1,0.0888,0.11570247933884298,0.06666666666666667,0.018,0.055445544554455446,0.18604651162790697
2,0.0832,0.10537190082644628,0.052525252525252523,0.028,0.0594059405940594,0.1821705426356589
3,0.1016,0.12190082644628099,0.0707070707070707,0.012,0.06336633663366337,0.19767441860465115
4,0.0896,0.1322314049586777,0.06262626262626263,0.022,0.061386138613861385,0.19573643410852712
