,overall,task_0,task_1,task_2,task_3,task_4
0,0.0972,0.14256198347107438,0.07272727272727272,0.148,0.015841584158415842,0.10852713178294573
1,0.0972,0.14256198347107438,0.07272727272727272,0.148,0.015841584158415842,0.10852713178294573
2,0.0972,0.14256198347107438,0.07272727272727272,0.148,0.015841584158415842,0.10852713178294573
3,0.0972,0.14256198347107438,0.07272727272727272,0.148,0.015841584158415842,0.10852713178294573
4,0.0972,0.14256198347107438,0.07272727272727272,0.148,0.015841584158415842,0.10852713178294573
