,overall,task_0,task_1,task_2,task_3,task_4
0,0.0992,0.0640495867768595,0.21818181818181817,0.14,0.06336633663366337,0.013565891472868217
1,0.0992,0.0640495867768595,0.21818181818181817,0.14,0.06336633663366337,0.013565891472868217
2,0.0992,0.0640495867768595,0.21818181818181817,0.14,0.06336633663366337,0.013565891472868217
3,0.0992,0.0640495867768595,0.21818181818181817,0.14,0.06336633663366337,0.013565891472868217
4,0.0992,0.0640495867768595,0.21818181818181817,0.14,0.06336633663366337,0.013565891472868217
