,overall,task_0,task_1,task_2,task_3,task_4
0,0.0548,0.008264462809917356,0.18181818181818182,0.016,0.0039603960396039604,0.06395348837209303
1,0.0548,0.008264462809917356,0.18181818181818182,0.016,0.0039603960396039604,0.06395348837209303
2,0.0548,0.008264462809917356,0.18181818181818182,0.016,0.0039603960396039604,0.06395348837209303
3,0.0548,0.008264462809917356,0.18181818181818182,0.016,0.0039603960396039604,0.06395348837209303
4,0.0548,0.008264462809917356,0.18181818181818182,0.016,0.0039603960396039604,0.06395348837209303
