,overall,task_0,task_1,task_2,task_3,task_4
0,0.1036,0.049586776859504134,0.13737373737373737,0.062,0.201980198019802,0.06976744186046512
1,0.0972,0.05785123966942149,0.13333333333333333,0.052,0.1782178217821782,0.07751937984496124
2,0.096,0.07231404958677685,0.12323232323232323,0.044,0.18613861386138614,0.08139534883720931
3,0.104,0.06818181818181818,0.12727272727272726,0.056,0.18613861386138614,0.08527131782945736
4,0.106,0.05991735537190083,0.12727272727272726,0.07,0.18811881188118812,0.05813953488372093
