,overall,task_0,task_1,task_2,task_3,task_4
0,0.118,0.04338842975206612,0.2767676767676768,0.022,0.09306930693069307,0.15310077519379844
1,0.118,0.04338842975206612,0.2767676767676768,0.022,0.09306930693069307,0.15310077519379844
2,0.118,0.04338842975206612,0.2767676767676768,0.022,0.09306930693069307,0.15310077519379844
3,0.118,0.04338842975206612,0.2767676767676768,0.022,0.09306930693069307,0.15310077519379844
4,0.118,0.04338842975206612,0.2767676767676768,0.022,0.09306930693069307,0.15310077519379844
