,overall,task_0,task_1,task_2,task_3,task_4
0,0.1812,0.9380165289256198,0.0,0.002,0.0,0.003875968992248062
1,0.3288,0.8223140495867769,0.806060606060606,0.05,0.023762376237623763,0.01744186046511628
2,0.4472,0.7252066115702479,0.6848484848484848,0.782,0.06732673267326733,0.029069767441860465
3,0.5624,0.6818181818181818,0.6161616161616161,0.67,0.7247524752475247,0.13565891472868216
4,0.6376,0.628099173553719,0.5616161616161616,0.658,0.6792079207920793,0.6666666666666666
