,overall,task_0,task_1,task_2,task_3,task_4
0,0.0952,0.128099173553719,0.20606060606060606,0.032,0.047524752475247525,0.07170542635658915
1,0.0896,0.1446280991735537,0.1919191919191919,0.046,0.05148514851485148,0.06782945736434108
2,0.0916,0.14256198347107438,0.18585858585858586,0.028,0.0594059405940594,0.06976744186046512
3,0.1024,0.15702479338842976,0.17575757575757575,0.022,0.06534653465346535,0.05813953488372093
4,0.0888,0.128099173553719,0.19595959595959597,0.022,0.06534653465346535,0.07364341085271318
