,overall,task_0,task_1,task_2,task_3,task_4
0,0.1768,0.9173553719008265,0.0,0.0,0.0,0.0
1,0.1832,0.0,0.9252525252525252,0.0,0.0,0.0
2,0.1892,0.0,0.0,0.938,0.0,0.0
3,0.1776,0.0,0.0,0.0,0.8693069306930693,0.0
4,0.1948,0.0,0.0,0.0,0.0,0.9341085271317829
