,overall,task_0,task_1,task_2,task_3,task_4
0,0.1548,0.8181818181818182,0.0,0.0,0.0,0.0
1,0.178,0.0,0.8949494949494949,0.0,0.0,0.0
2,0.1752,0.0,0.0,0.872,0.0,0.0
3,0.1616,0.0,0.0,0.0,0.8237623762376237,0.0
4,0.1888,0.0,0.0,0.0,0.0019801980198019802,0.9224806201550387
