,overall,task_0,task_1,task_2,task_3,task_4
0,0.174,0.8946280991735537,0.0,0.0,0.0,0.0
1,0.176,0.0,0.8949494949494949,0.0,0.0,0.0
2,0.1768,0.0,0.0,0.898,0.0,0.0
3,0.1772,0.0,0.0,0.0,0.8673267326732673,0.0
4,0.18,0.0,0.0,0.0,0.0,0.8682170542635659
