,overall,task_0,task_1,task_2,task_3,task_4
0,0.1284,0.07851239669421488,0.012121212121212121,0.142,0.2871287128712871,0.1182170542635659
1,0.1284,0.07851239669421488,0.012121212121212121,0.142,0.2871287128712871,0.1182170542635659
2,0.1284,0.07851239669421488,0.012121212121212121,0.142,0.2871287128712871,0.1182170542635659
3,0.1284,0.07851239669421488,0.012121212121212121,0.142,0.2871287128712871,0.1182170542635659
4,0.1284,0.07851239669421488,0.012121212121212121,0.142,0.2871287128712871,0.1182170542635659
