,overall,task_0,task_1,task_2,task_3,task_4
0,0.1052,0.17768595041322313,0.1595959595959596,0.082,0.10693069306930693,0.03488372093023256
1,0.1084,0.17355371900826447,0.13333333333333333,0.104,0.07722772277227723,0.04263565891472868
2,0.1088,0.17768595041322313,0.15151515151515152,0.104,0.06930693069306931,0.027131782945736434
3,0.1084,0.21487603305785125,0.14747474747474748,0.134,0.10297029702970296,0.027131782945736434
4,0.1104,0.1962809917355372,0.13333333333333333,0.134,0.08118811881188119,0.023255813953488372
