,overall,task_0,task_1,task_2,task_3,task_4
0,0.1908,0.9297520661157025,0.00404040404040404,0.01,0.0019801980198019802,0.005813953488372093
1,0.3508,0.8574380165289256,0.8404040404040404,0.03,0.033663366336633666,0.031007751937984496
2,0.4752,0.8037190082644629,0.7515151515151515,0.78,0.05742574257425743,0.05426356589147287
3,0.5776,0.6859504132231405,0.692929292929293,0.686,0.7603960396039604,0.09302325581395349
4,0.6696,0.6528925619834711,0.6686868686868687,0.618,0.7366336633663366,0.6937984496124031
