,overall,task_0,task_1,task_2,task_3,task_4
0,0.1688,0.8450413223140496,0.0,0.0,0.0,0.0
1,0.1808,0.0,0.9212121212121213,0.0,0.0,0.0
2,0.172,0.0,0.0,0.864,0.0,0.0
3,0.1812,0.0,0.0,0.0,0.900990099009901,0.0
4,0.1888,0.0,0.0,0.0,0.0,0.9108527131782945
