,overall,task_0,task_1,task_2,task_3,task_4
0,0.1552,0.8161157024793388,0.0,0.0,0.0,0.0
1,0.1912,0.0,0.9515151515151515,0.0,0.0,0.0
2,0.1776,0.0,0.0,0.888,0.0,0.0
3,0.172,0.0,0.0,0.0,0.8534653465346534,0.0
4,0.1956,0.0,0.0,0.0,0.0,0.9534883720930233
