,overall,task_0,task_1,task_2,task_3,task_4
0,0.1036,0.045454545454545456,0.12323232323232323,0.062,0.10693069306930693,0.17635658914728683
1,0.1036,0.045454545454545456,0.12323232323232323,0.062,0.10693069306930693,0.17635658914728683
2,0.1036,0.045454545454545456,0.12323232323232323,0.062,0.10693069306930693,0.17635658914728683
3,0.1036,0.045454545454545456,0.12323232323232323,0.062,0.10693069306930693,0.17635658914728683
4,0.1036,0.045454545454545456,0.12323232323232323,0.062,0.10693069306930693,0.17635658914728683
