,overall,task_0,task_1,task_2,task_3,task_4
0,0.0936,0.18801652892561985,0.08686868686868687,0.144,0.09900990099009901,0.03875968992248062
1,0.114,0.15082644628099173,0.09090909090909091,0.156,0.09306930693069307,0.03875968992248062
2,0.1156,0.1652892561983471,0.10303030303030303,0.152,0.100990099009901,0.03875968992248062
3,0.1056,0.16735537190082644,0.08484848484848485,0.138,0.10891089108910891,0.025193798449612403
4,0.1004,0.16115702479338842,0.08888888888888889,0.13,0.100990099009901,0.03294573643410853
