,overall,task_0,task_1,task_2,task_3,task_4
0,0.1608,0.8450413223140496,0.0,0.0,0.0,0.0
1,0.1804,0.0,0.8929292929292929,0.0,0.0,0.0
2,0.166,0.0,0.0,0.818,0.0,0.0
3,0.1764,0.0,0.0,0.0,0.8792079207920792,0.0
4,0.1832,0.0,0.0,0.0,0.0,0.8875968992248062
