,overall,task_0,task_1,task_2,task_3,task_4
0,0.0864,0.02066115702479339,0.15353535353535352,0.088,0.09504950495049505,0.06395348837209303
1,0.0908,0.028925619834710745,0.18787878787878787,0.09,0.0891089108910891,0.06782945736434108
2,0.0916,0.02066115702479339,0.17575757575757575,0.09,0.07920792079207921,0.07170542635658915
3,0.1012,0.01859504132231405,0.14545454545454545,0.086,0.08118811881188119,0.05232558139534884
4,0.0976,0.026859504132231406,0.15757575757575756,0.068,0.07920792079207921,0.07751937984496124
