,overall,task_0,task_1,task_2,task_3,task_4
0,0.0936,0.08471074380165289,0.15151515151515152,0.068,0.12673267326732673,0.040697674418604654
1,0.098,0.09917355371900827,0.15555555555555556,0.102,0.14455445544554454,0.05813953488372093
2,0.1068,0.10537190082644628,0.15151515151515152,0.078,0.14653465346534653,0.04263565891472868
3,0.1032,0.09504132231404959,0.16565656565656567,0.074,0.1504950495049505,0.04263565891472868
4,0.102,0.08884297520661157,0.1696969696969697,0.096,0.12673267326732673,0.0562015503875969
