,overall,task_0,task_1,task_2,task_3,task_4
0,0.178,0.9194214876033058,0.0,0.002,0.0019801980198019802,0.005813953488372093
1,0.3392,0.737603305785124,0.8181818181818182,0.07,0.019801980198019802,0.03682170542635659
2,0.47,0.7169421487603306,0.7353535353535353,0.8,0.04950495049504951,0.06976744186046512
3,0.5584,0.6301652892561983,0.6626262626262627,0.71,0.7306930693069307,0.09108527131782945
4,0.6828,0.6033057851239669,0.6181818181818182,0.672,0.6772277227722773,0.75
