,overall,task_0,task_1,task_2,task_3,task_4
0,0.1108,0.049586776859504134,0.048484848484848485,0.086,0.1702970297029703,0.21705426356589147
1,0.1092,0.04338842975206612,0.050505050505050504,0.092,0.15643564356435644,0.19186046511627908
2,0.1136,0.05578512396694215,0.048484848484848485,0.082,0.17623762376237623,0.21124031007751937
3,0.1156,0.05578512396694215,0.050505050505050504,0.102,0.1485148514851485,0.20155038759689922
4,0.1024,0.0640495867768595,0.03838383838383838,0.094,0.18613861386138614,0.187984496124031
