,overall,task_0,task_1,task_2,task_3,task_4
0,0.1772,0.9318181818181818,0.0,0.0,0.0,0.0
1,0.3256,0.8161157024793388,0.8828282828282829,0.0,0.0,0.0
2,0.4464,0.7128099173553719,0.7717171717171717,0.742,0.0,0.0
3,0.5596,0.6694214876033058,0.6747474747474748,0.7,0.7188118811881188,0.0
4,0.6652,0.6466942148760331,0.6161616161616161,0.65,0.6594059405940594,0.7461240310077519
