,overall,task_0,task_1,task_2,task_3,task_4
0,0.1168,0.07851239669421488,0.06868686868686869,0.102,0.2396039603960396,0.12209302325581395
1,0.12,0.06818181818181818,0.08484848484848485,0.112,0.20594059405940593,0.11434108527131782
2,0.1172,0.08264462809917356,0.09292929292929293,0.12,0.19207920792079208,0.09496124031007752
3,0.1108,0.07851239669421488,0.10101010101010101,0.104,0.20594059405940593,0.11046511627906977
4,0.1084,0.07644628099173553,0.09292929292929293,0.096,0.20396039603960395,0.11627906976744186
