,overall,task_0,task_1,task_2,task_3,task_4
0,0.1508,0.7913223140495868,0.0,0.0,0.0,0.0
1,0.1604,0.002066115702479339,0.7858585858585858,0.0,0.0,0.0
2,0.1596,0.0,0.01616161616161616,0.808,0.0,0.0
3,0.1756,0.0,0.0,0.0,0.8752475247524752,0.0
4,0.1748,0.0,0.0,0.0,0.0,0.8217054263565892
