,overall,task_0,task_1,task_2,task_3,task_4
0,0.1096,0.09710743801652892,0.16363636363636364,0.118,0.02574257425742574,0.040697674418604654
1,0.0948,0.11570247933884298,0.15353535353535352,0.142,0.02574257425742574,0.044573643410852716
2,0.104,0.1115702479338843,0.1797979797979798,0.14,0.03564356435643564,0.03875968992248062
3,0.0948,0.1012396694214876,0.16565656565656567,0.122,0.027722772277227723,0.03488372093023256
4,0.0936,0.10330578512396695,0.17373737373737375,0.146,0.0297029702970297,0.03294573643410853
