,overall,task_0,task_1,task_2,task_3,task_4
0,0.15,0.7747933884297521,0.0,0.0,0.0,0.0
1,0.1716,0.0,0.8666666666666667,0.0,0.0,0.0
2,0.1696,0.0,0.0,0.848,0.0,0.0
3,0.1576,0.0,0.0,0.0,0.7801980198019802,0.0
4,0.184,0.0,0.0,0.0,0.0,0.8914728682170543
