,overall,task_0,task_1,task_2,task_3,task_4
0,0.1596,0.8243801652892562,0.0,0.0,0.0,0.0
1,0.1808,0.0,0.9131313131313131,0.0,0.0,0.0
2,0.18,0.0,0.0,0.9,0.0,0.0
3,0.1812,0.0,0.0,0.0,0.897029702970297,0.0
4,0.1788,0.0,0.0,0.0,0.0,0.8662790697674418
