,overall,task_0,task_1,task_2,task_3,task_4
0,0.1292,0.04132231404958678,0.15151515151515152,0.196,0.16435643564356436,0.09108527131782945
1,0.1292,0.04132231404958678,0.15151515151515152,0.196,0.16435643564356436,0.09108527131782945
2,0.1292,0.04132231404958678,0.15151515151515152,0.196,0.16435643564356436,0.09108527131782945
3,0.1292,0.04132231404958678,0.15151515151515152,0.196,0.16435643564356436,0.09108527131782945
4,0.1292,0.04132231404958678,0.15151515151515152,0.196,0.16435643564356436,0.09108527131782945
