,overall,task_0,task_1,task_2,task_3,task_4
0,0.1036,0.05371900826446281,0.024242424242424242,0.2,0.06336633663366337,0.18023255813953487
1,0.1144,0.03512396694214876,0.04242424242424243,0.228,0.039603960396039604,0.1821705426356589
2,0.1024,0.049586776859504134,0.03232323232323232,0.216,0.05148514851485148,0.17248062015503876
3,0.1012,0.049586776859504134,0.026262626262626262,0.196,0.053465346534653464,0.17635658914728683
4,0.1096,0.04338842975206612,0.030303030303030304,0.224,0.041584158415841586,0.187984496124031
