,overall,task_0,task_1,task_2,task_3,task_4
0,0.1796,0.9256198347107438,0.0,0.0,0.0,0.0
1,0.3424,0.8078512396694215,0.8929292929292929,0.0,0.0,0.0
2,0.4664,0.7169421487603306,0.806060606060606,0.8,0.0,0.0
3,0.5968,0.7086776859504132,0.7838383838383839,0.732,0.7663366336633664,0.0
4,0.6588,0.6239669421487604,0.7191919191919192,0.628,0.7188118811881188,0.6511627906976745
