,overall,task_0,task_1,task_2,task_3,task_4
0,0.1828,0.9338842975206612,0.0,0.0,0.0,0.0
1,0.3396,0.8615702479338843,0.8868686868686869,0.0,0.0,0.0
2,0.4608,0.7727272727272727,0.7737373737373737,0.79,0.0,0.0
3,0.5672,0.7169421487603306,0.7292929292929293,0.694,0.7287128712871287,0.0
4,0.6736,0.6797520661157025,0.6646464646464646,0.668,0.6554455445544555,0.7248062015503876
