,overall,task_0,task_1,task_2,task_3,task_4
0,0.1512,0.7644628099173554,0.0,0.0,0.0,0.0
1,0.1784,0.0,0.898989898989899,0.0,0.0,0.0
2,0.1748,0.0,0.0,0.868,0.0,0.0
3,0.1676,0.0,0.0,0.0,0.8316831683168316,0.0
4,0.1872,0.0,0.0,0.0,0.0039603960396039604,0.9321705426356589
