,overall,task_0,task_1,task_2,task_3,task_4
0,0.1576,0.8037190082644629,0.0,0.0,0.0,0.0
1,0.1796,0.0,0.901010101010101,0.0,0.0,0.0
2,0.1788,0.0,0.0,0.888,0.0,0.0
3,0.176,0.0,0.0,0.0,0.8752475247524752,0.0
4,0.1696,0.0,0.0,0.0,0.0,0.8468992248062015
