,overall,task_0,task_1,task_2,task_3,task_4
0,0.1792,0.9524793388429752,0.0,0.0,0.0,0.0
1,0.3452,0.8884297520661157,0.896969696969697,0.0,0.0,0.0
2,0.4776,0.8471074380165289,0.795959595959596,0.8,0.0,0.0
3,0.582,0.7293388429752066,0.7353535353535353,0.72,0.7029702970297029,0.0
4,0.6932,0.6797520661157025,0.7070707070707071,0.626,0.6871287128712872,0.7403100775193798
