,overall,task_0,task_1,task_2,task_3,task_4
0,0.0868,0.1322314049586777,0.052525252525252523,0.156,0.03564356435643564,0.08527131782945736
1,0.0884,0.1115702479338843,0.052525252525252523,0.132,0.039603960396039604,0.08333333333333333
2,0.1008,0.128099173553719,0.03434343434343434,0.124,0.031683168316831684,0.09689922480620156
3,0.0832,0.08677685950413223,0.048484848484848485,0.144,0.06534653465346535,0.10852713178294573
4,0.0904,0.1322314049586777,0.048484848484848485,0.174,0.039603960396039604,0.0872093023255814
