,overall,task_0,task_1,task_2,task_3,task_4
0,0.1684,0.8533057851239669,0.0,0.0,0.0,0.0
1,0.1824,0.0,0.9151515151515152,0.0,0.0,0.0
2,0.1868,0.0,0.00202020202020202,0.922,0.0,0.0
3,0.184,0.0,0.0,0.0,0.9247524752475248,0.0
4,0.1864,0.0,0.0,0.0,0.0,0.8992248062015504
