,overall,task_0,task_1,task_2,task_3,task_4
0,0.16,0.8264462809917356,0.0,0.0,0.0,0.0
1,0.1764,0.0,0.8909090909090909,0.0,0.0,0.0
2,0.1684,0.0,0.0,0.842,0.0,0.0
3,0.1792,0.0,0.0,0.0,0.8871287128712871,0.0
4,0.1884,0.0,0.0,0.0,0.0,0.9127906976744186
