,overall,task_0,task_1,task_2,task_3,task_4
0,0.164,0.8574380165289256,0.0,0.0,0.0,0.0
1,0.1836,0.0,0.9373737373737374,0.0,0.0,0.0
2,0.1872,0.0,0.00202020202020202,0.93,0.0,0.0
3,0.184,0.0,0.0,0.0,0.897029702970297,0.0
4,0.1888,0.0,0.0,0.0,0.0019801980198019802,0.8934108527131783
