,overall,task_0,task_1,task_2,task_3,task_4
0,0.1764,0.8946280991735537,0.0,0.0,0.0,0.0
1,0.1808,0.0,0.9090909090909091,0.0,0.0,0.0
2,0.188,0.0,0.0,0.934,0.0,0.0
3,0.1736,0.0,0.0,0.0,0.8772277227722772,0.0
4,0.1904,0.0,0.0,0.0,0.0,0.9186046511627907
