,overall,task_0,task_1,task_2,task_3,task_4
0,0.0884,0.08884297520661157,0.15757575757575756,0.038,0.055445544554455446,0.10271317829457365
1,0.0884,0.08884297520661157,0.15757575757575756,0.038,0.055445544554455446,0.10271317829457365
2,0.0884,0.08884297520661157,0.15757575757575756,0.038,0.055445544554455446,0.10271317829457365
3,0.0884,0.08884297520661157,0.15757575757575756,0.038,0.055445544554455446,0.10271317829457365
4,0.0884,0.08884297520661157,0.15757575757575756,0.038,0.055445544554455446,0.10271317829457365
