,overall,task_0,task_1,task_2,task_3,task_4
0,0.15,0.756198347107438,0.0,0.0,0.0,0.0
1,0.1696,0.0,0.8525252525252526,0.0,0.0,0.0
2,0.1568,0.0,0.0,0.81,0.0,0.0
3,0.1608,0.0,0.0,0.0,0.7980198019801981,0.0
4,0.1564,0.0,0.0,0.0,0.0,0.7771317829457365
