,overall,task_0,task_1,task_2,task_3,task_4
0,0.1132,0.05578512396694215,0.13131313131313133,0.098,0.20594059405940593,0.015503875968992248
1,0.1128,0.07231404958677685,0.1292929292929293,0.07,0.20594059405940593,0.007751937984496124
2,0.1008,0.05785123966942149,0.12121212121212122,0.072,0.21584158415841584,0.029069767441860465
3,0.1076,0.05991735537190083,0.1191919191919192,0.096,0.2633663366336634,0.015503875968992248
4,0.09,0.05165289256198347,0.15555555555555556,0.076,0.2198019801980198,0.01937984496124031
