,overall,task_0,task_1,task_2,task_3,task_4
0,0.1012,0.07024793388429752,0.08686868686868687,0.056,0.1900990099009901,0.08914728682170543
1,0.0952,0.06611570247933884,0.06666666666666667,0.052,0.22574257425742575,0.07751937984496124
2,0.1044,0.04338842975206612,0.07474747474747474,0.058,0.22376237623762377,0.08914728682170543
3,0.1028,0.06198347107438017,0.06868686868686869,0.058,0.20396039603960395,0.09108527131782945
4,0.0956,0.08471074380165289,0.08686868686868687,0.046,0.201980198019802,0.10271317829457365
