,overall,task_0,task_1,task_2,task_3,task_4
0,0.182,0.9504132231404959,0.0,0.0,0.0,0.0
1,0.3192,0.8553719008264463,0.806060606060606,0.0,0.0,0.0
2,0.448,0.762396694214876,0.6828282828282828,0.824,0.0,0.0
3,0.5448,0.6714876033057852,0.6505050505050505,0.7,0.7207920792079208,0.0
4,0.6476,0.5950413223140496,0.602020202020202,0.708,0.6653465346534654,0.6472868217054264
