,overall,task_0,task_1,task_2,task_3,task_4
0,0.0912,0.18181818181818182,0.06666666666666667,0.048,0.06930693069306931,0.12403100775193798
1,0.0936,0.1384297520661157,0.06666666666666667,0.044,0.05148514851485148,0.14534883720930233
2,0.0984,0.14669421487603307,0.07676767676767676,0.034,0.055445544554455446,0.13372093023255813
3,0.1004,0.15495867768595042,0.046464646464646465,0.042,0.07326732673267326,0.12596899224806202
4,0.0908,0.1446280991735537,0.05858585858585859,0.042,0.06534653465346535,0.18410852713178294
