,overall,task_0,task_1,task_2,task_3,task_4
0,0.12,0.10950413223140495,0.18383838383838383,0.166,0.053465346534653464,0.08139534883720931
1,0.12,0.08884297520661157,0.20606060606060606,0.154,0.03762376237623762,0.06395348837209303
2,0.1128,0.11570247933884298,0.18383838383838383,0.17,0.04356435643564356,0.08139534883720931
3,0.114,0.10950413223140495,0.2,0.186,0.047524752475247525,0.0755813953488372
4,0.1204,0.08677685950413223,0.18181818181818182,0.178,0.05148514851485148,0.07751937984496124
