,overall,task_0,task_1,task_2,task_3,task_4
0,0.1472,0.7768595041322314,0.0,0.0,0.0,0.0
1,0.1812,0.0,0.9030303030303031,0.0,0.0,0.0
2,0.17,0.0,0.0,0.858,0.0,0.0
3,0.158,0.0,0.0,0.0,0.7861386138613862,0.0
4,0.1852,0.0,0.0,0.0,0.0,0.8875968992248062
