,overall,task_0,task_1,task_2,task_3,task_4
0,0.176,0.890495867768595,0.0,0.0,0.0,0.0
1,0.1644,0.0,0.8242424242424242,0.0,0.0,0.0
2,0.1844,0.0,0.0,0.91,0.0,0.0
3,0.1848,0.0,0.0,0.0,0.9207920792079208,0.0
4,0.1904,0.0,0.0,0.0,0.0,0.8972868217054264
