,overall,task_0,task_1,task_2,task_3,task_4
0,0.0916,0.11570247933884298,0.046464646464646465,0.154,0.08514851485148515,0.07364341085271318
1,0.0944,0.1012396694214876,0.06060606060606061,0.134,0.08712871287128712,0.050387596899224806
2,0.0852,0.1012396694214876,0.050505050505050504,0.136,0.09702970297029703,0.07364341085271318
3,0.094,0.10537190082644628,0.050505050505050504,0.14,0.10891089108910891,0.046511627906976744
4,0.0912,0.10950413223140495,0.04242424242424243,0.134,0.100990099009901,0.05232558139534884
