,overall,task_0,task_1,task_2,task_3,task_4
0,0.1608,0.8264462809917356,0.0,0.0,0.0,0.0
1,0.1644,0.0,0.8303030303030303,0.0,0.0,0.0
2,0.1668,0.0,0.00404040404040404,0.866,0.0,0.0
3,0.1888,0.0,0.0,0.0,0.9148514851485149,0.0
4,0.1824,0.0,0.0,0.0,0.0,0.8701550387596899
