,overall,task_0,task_1,task_2,task_3,task_4
0,0.0772,0.05165289256198347,0.13737373737373737,0.088,0.10495049504950495,0.046511627906976744
1,0.084,0.03925619834710744,0.1292929292929293,0.092,0.11485148514851486,0.044573643410852716
2,0.0816,0.047520661157024795,0.09898989898989899,0.088,0.13861386138613863,0.04263565891472868
3,0.078,0.03305785123966942,0.1111111111111111,0.08,0.10495049504950495,0.03875968992248062
4,0.082,0.03925619834710744,0.1191919191919192,0.08,0.12871287128712872,0.044573643410852716
