,overall,task_0,task_1,task_2,task_3,task_4
0,0.0968,0.047520661157024795,0.06464646464646465,0.082,0.041584158415841586,0.24224806201550386
1,0.0968,0.047520661157024795,0.06464646464646465,0.082,0.041584158415841586,0.24224806201550386
2,0.0968,0.047520661157024795,0.06464646464646465,0.082,0.041584158415841586,0.24224806201550386
3,0.0968,0.047520661157024795,0.06464646464646465,0.082,0.041584158415841586,0.24224806201550386
4,0.0968,0.047520661157024795,0.06464646464646465,0.082,0.041584158415841586,0.24224806201550386
