,overall,task_0,task_1,task_2,task_3,task_4
0,0.1636,0.8450413223140496,0.0,0.0,0.0,0.0
1,0.1676,0.0,0.8464646464646465,0.0,0.0,0.0
2,0.1712,0.0,0.0,0.856,0.0,0.0
3,0.1636,0.0,0.0,0.0,0.80990099009901,0.0
4,0.1884,0.0,0.0,0.0,0.0,0.9127906976744186
