,overall,task_0,task_1,task_2,task_3,task_4
0,0.0732,0.05165289256198347,0.014141414141414142,0.122,0.08316831683168317,0.09302325581395349
1,0.0732,0.05165289256198347,0.014141414141414142,0.122,0.08316831683168317,0.09302325581395349
2,0.0732,0.05165289256198347,0.014141414141414142,0.122,0.08316831683168317,0.09302325581395349
3,0.0732,0.05165289256198347,0.014141414141414142,0.122,0.08316831683168317,0.09302325581395349
4,0.0732,0.05165289256198347,0.014141414141414142,0.122,0.08316831683168317,0.09302325581395349
