,overall,task_0,task_1,task_2,task_3,task_4
0,0.1092,0.010330578512396695,0.1494949494949495,0.028,0.2613861386138614,0.1511627906976744
1,0.1032,0.014462809917355372,0.1292929292929293,0.046,0.22376237623762377,0.13953488372093023
2,0.1136,0.01652892561983471,0.13333333333333333,0.032,0.24158415841584158,0.13953488372093023
3,0.1096,0.02066115702479339,0.12323232323232323,0.04,0.2,0.1511627906976744
4,0.1144,0.014462809917355372,0.1111111111111111,0.024,0.2099009900990099,0.14922480620155038
