,overall,task_0,task_1,task_2,task_3,task_4
0,0.0496,0.022727272727272728,0.010101010101010102,0.122,0.015841584158415842,0.0755813953488372
1,0.0496,0.022727272727272728,0.010101010101010102,0.122,0.015841584158415842,0.0755813953488372
2,0.0496,0.022727272727272728,0.010101010101010102,0.122,0.015841584158415842,0.0755813953488372
3,0.0496,0.022727272727272728,0.010101010101010102,0.122,0.015841584158415842,0.0755813953488372
4,0.0496,0.022727272727272728,0.010101010101010102,0.122,0.015841584158415842,0.0755813953488372
