,overall,task_0,task_1,task_2,task_3,task_4
0,0.1684,0.9028925619834711,0.0,0.0,0.0,0.0
1,0.174,0.0,0.8787878787878788,0.0,0.0,0.0
2,0.1808,0.0,0.0,0.9,0.0,0.0
3,0.1712,0.0,0.0,0.0,0.8277227722772277,0.0
4,0.1928,0.0,0.0,0.0,0.0019801980198019802,0.9341085271317829
