,overall,task_0,task_1,task_2,task_3,task_4
0,0.1528,0.7706611570247934,0.0,0.0,0.0,0.0
1,0.1748,0.0,0.896969696969697,0.0,0.0,0.0
2,0.1756,0.0,0.0,0.894,0.0,0.0
3,0.172,0.0,0.0,0.002,0.8633663366336634,0.0
4,0.192,0.0,0.0,0.0,0.0,0.9263565891472868
