,overall,task_0,task_1,task_2,task_3,task_4
0,0.1804,0.9297520661157025,0.0,0.0,0.0,0.0
1,0.3452,0.8698347107438017,0.8707070707070707,0.0,0.0,0.0
2,0.4796,0.8243801652892562,0.797979797979798,0.812,0.0,0.0
3,0.594,0.7355371900826446,0.7494949494949495,0.728,0.7544554455445545,0.0
4,0.6724,0.7128099173553719,0.701010101010101,0.702,0.6574257425742575,0.6666666666666666
