,overall,task_0,task_1,task_2,task_3,task_4
0,0.1576,0.8243801652892562,0.0,0.0,0.0,0.0
1,0.18,0.0,0.8929292929292929,0.0,0.0,0.0
2,0.1716,0.0,0.0,0.84,0.0,0.0
3,0.176,0.0,0.0,0.0,0.8792079207920792,0.0
4,0.1796,0.0,0.0,0.0,0.0,0.8662790697674418
