,overall,task_0,task_1,task_2,task_3,task_4
0,0.0964,0.002066115702479339,0.06666666666666667,0.096,0.13267326732673268,0.17829457364341086
1,0.0964,0.002066115702479339,0.06666666666666667,0.096,0.13267326732673268,0.17829457364341086
2,0.0964,0.002066115702479339,0.06666666666666667,0.096,0.13267326732673268,0.17829457364341086
3,0.0964,0.002066115702479339,0.06666666666666667,0.096,0.13267326732673268,0.17829457364341086
4,0.0964,0.002066115702479339,0.06666666666666667,0.096,0.13267326732673268,0.17829457364341086
