,overall,task_0,task_1,task_2,task_3,task_4
0,0.1668,0.8636363636363636,0.0,0.0,0.0,0.0
1,0.1836,0.0,0.907070707070707,0.0,0.0,0.0
2,0.186,0.0,0.0,0.918,0.0,0.0
3,0.1728,0.0,0.0,0.0,0.8376237623762376,0.0
4,0.182,0.0,0.0,0.0,0.0,0.874031007751938
