,overall,task_0,task_1,task_2,task_3,task_4
0,0.0872,0.11983471074380166,0.05858585858585859,0.068,0.16831683168316833,0.06201550387596899
1,0.0868,0.10950413223140495,0.05454545454545454,0.042,0.15643564356435644,0.07945736434108527
2,0.0956,0.08264462809917356,0.050505050505050504,0.06,0.15841584158415842,0.09883720930232558
3,0.0984,0.10950413223140495,0.05858585858585859,0.044,0.1801980198019802,0.0872093023255814
4,0.0952,0.11570247933884298,0.07676767676767676,0.038,0.1603960396039604,0.06395348837209303
