,overall,task_0,task_1,task_2,task_3,task_4
0,0.1004,0.06198347107438017,0.08686868686868687,0.106,0.21188118811881188,0.0755813953488372
1,0.1084,0.05371900826446281,0.10909090909090909,0.074,0.23564356435643563,0.06976744186046512
2,0.1092,0.06198347107438017,0.11313131313131314,0.102,0.24158415841584158,0.05232558139534884
3,0.1028,0.05578512396694215,0.10707070707070707,0.106,0.2316831683168317,0.04844961240310078
4,0.1048,0.04338842975206612,0.10303030303030303,0.1,0.2198019801980198,0.06201550387596899
