,overall,task_0,task_1,task_2,task_3,task_4
0,0.1816,0.9297520661157025,0.012121212121212121,0.008,0.0019801980198019802,0.003875968992248062
1,0.3576,0.859504132231405,0.8666666666666667,0.02,0.055445544554455446,0.03488372093023256
2,0.4976,0.8078512396694215,0.7656565656565657,0.792,0.04950495049504951,0.07364341085271318
3,0.5976,0.7272727272727273,0.694949494949495,0.696,0.7485148514851485,0.1298449612403101
4,0.6756,0.731404958677686,0.694949494949495,0.706,0.6594059405940594,0.6550387596899225
