,overall,task_0,task_1,task_2,task_3,task_4
0,0.1632,0.8285123966942148,0.0,0.0,0.0,0.0
1,0.158,0.0,0.7878787878787878,0.0,0.0,0.0
2,0.1764,0.0,0.0,0.87,0.0,0.0
3,0.1788,0.0,0.0,0.0,0.8732673267326733,0.0
4,0.1784,0.0,0.0,0.0,0.0,0.8507751937984496
