,overall,task_0,task_1,task_2,task_3,task_4
0,0.1156,0.11983471074380166,0.09090909090909091,0.064,0.11089108910891089,0.18992248062015504
1,0.1156,0.11983471074380166,0.09090909090909091,0.064,0.11089108910891089,0.18992248062015504
2,0.1156,0.11983471074380166,0.09090909090909091,0.064,0.11089108910891089,0.18992248062015504
3,0.1156,0.11983471074380166,0.09090909090909091,0.064,0.11089108910891089,0.18992248062015504
4,0.1156,0.11983471074380166,0.09090909090909091,0.064,0.11089108910891089,0.18992248062015504
