,overall,task_0,task_1,task_2,task_3,task_4
0,0.1892,0.9483471074380165,0.0,0.008,0.0,0.0
1,0.3412,0.7913223140495868,0.8323232323232324,0.016,0.01782178217821782,0.044573643410852716
2,0.47,0.71900826446281,0.7212121212121212,0.84,0.011881188118811881,0.07364341085271318
3,0.5644,0.6694214876033058,0.6525252525252525,0.692,0.7168316831683168,0.09689922480620156
4,0.6668,0.6549586776859504,0.6666666666666666,0.676,0.6277227722772277,0.689922480620155
