,overall,task_0,task_1,task_2,task_3,task_4
0,0.0988,0.17355371900826447,0.00202020202020202,0.164,0.06732673267326733,0.08914728682170543
1,0.0988,0.17355371900826447,0.00202020202020202,0.164,0.06732673267326733,0.08914728682170543
2,0.0988,0.17355371900826447,0.00202020202020202,0.164,0.06732673267326733,0.08914728682170543
3,0.0988,0.17355371900826447,0.00202020202020202,0.164,0.06732673267326733,0.08914728682170543
4,0.0988,0.17355371900826447,0.00202020202020202,0.164,0.06732673267326733,0.08914728682170543
