,overall,task_0,task_1,task_2,task_3,task_4
0,0.1704,0.8801652892561983,0.0,0.0,0.0,0.0
1,0.1688,0.0,0.8525252525252526,0.0,0.0,0.0
2,0.1692,0.0,0.0,0.846,0.0,0.0
3,0.1708,0.0,0.0,0.0,0.8455445544554455,0.0
4,0.1724,0.0,0.0,0.0,0.0,0.8352713178294574
