,overall,task_0,task_1,task_2,task_3,task_4
0,0.1812,0.9173553719008265,0.006060606060606061,0.006,0.007920792079207921,0.001937984496124031
1,0.3464,0.8181818181818182,0.8747474747474747,0.03,0.031683168316831684,0.01744186046511628
2,0.4664,0.7644628099173554,0.7494949494949495,0.83,0.031683168316831684,0.025193798449612403
3,0.5964,0.6838842975206612,0.7414141414141414,0.69,0.7425742574257426,0.09883720930232558
4,0.68,0.6962809917355371,0.6767676767676768,0.646,0.6851485148514852,0.7170542635658915
