,overall,task_0,task_1,task_2,task_3,task_4
0,0.166,0.859504132231405,0.0,0.0,0.0,0.0
1,0.1708,0.0,0.8666666666666667,0.0,0.0,0.0
2,0.176,0.0,0.0,0.878,0.0,0.0
3,0.1704,0.0,0.0,0.0,0.8277227722772277,0.0
4,0.194,0.0,0.0,0.0,0.0019801980198019802,0.9341085271317829
