,overall,task_0,task_1,task_2,task_3,task_4
0,0.08,0.128099173553719,0.08888888888888889,0.108,0.04950495049504951,0.029069767441860465
1,0.08,0.128099173553719,0.08888888888888889,0.108,0.04950495049504951,0.029069767441860465
2,0.08,0.128099173553719,0.08888888888888889,0.108,0.04950495049504951,0.029069767441860465
3,0.08,0.128099173553719,0.08888888888888889,0.108,0.04950495049504951,0.029069767441860465
4,0.08,0.128099173553719,0.08888888888888889,0.108,0.04950495049504951,0.029069767441860465
