,overall,task_0,task_1,task_2,task_3,task_4
0,0.1644,0.8491735537190083,0.0,0.0,0.0,0.0
1,0.1576,0.0,0.795959595959596,0.0,0.0,0.0
2,0.176,0.0,0.0,0.88,0.0,0.0
3,0.1804,0.0,0.0,0.002,0.8910891089108911,0.0
4,0.1812,0.0,0.0,0.0,0.0,0.877906976744186
