,overall,task_0,task_1,task_2,task_3,task_4
0,0.1372,0.6818181818181818,0.0,0.0,0.0,0.0
1,0.1696,0.0,0.8585858585858586,0.0,0.0,0.0
2,0.1692,0.0,0.0,0.834,0.0,0.0
3,0.1604,0.0,0.0,0.002,0.807920792079208,0.0
4,0.184,0.0,0.0,0.0,0.0,0.8798449612403101
