,overall,task_0,task_1,task_2,task_3,task_4
0,0.1636,0.8553719008264463,0.0,0.0,0.0,0.0
1,0.1852,0.0,0.9252525252525252,0.0,0.0,0.0
2,0.1728,0.0,0.0,0.9,0.0,0.0
3,0.1836,0.0,0.0,0.0,0.900990099009901,0.0
4,0.188,0.0,0.0,0.0,0.0,0.9166666666666666
