,overall,task_0,task_1,task_2,task_3,task_4
0,0.1532,0.7913223140495868,0.0,0.0,0.0,0.0
1,0.1836,0.0,0.9272727272727272,0.0,0.0,0.0
2,0.1764,0.0,0.0,0.882,0.0,0.0
3,0.164,0.0,0.0,0.0,0.8118811881188119,0.0
4,0.1852,0.0,0.0,0.0,0.0,0.8972868217054264
