,overall,task_0,task_1,task_2,task_3,task_4
0,0.2708,0.9867612293144208,0.2644466209598433,0.003735325506937033,0.03323262839879154,0.004034291477559254
1,0.3424,0.9872340425531915,0.5857002938295789,0.016008537886873,0.04783484390735146,0.007564296520423601
2,0.4191,0.983451536643026,0.6047992164544564,0.36766275346851657,0.07250755287009064,0.02168431669188099
3,0.5047,0.9801418439716312,0.4931439764936337,0.2694770544290288,0.7150050352467271,0.02118003025718608
4,0.5395,0.9361702127659575,0.4152791380999021,0.3767342582710779,0.8011077542799597,0.1361573373676248
