,overall,task_0,task_1,task_2,task_3,task_4
0,0.2116,0.9990543735224586,0.0004897159647404506,0.0005336179295624333,0.0,0.0005042864346949068
1,0.2833,0.41087470449172575,0.9569049951028403,0.0,0.0010070493454179255,0.0010085728693898135
2,0.2642,0.3120567375886525,0.05582761998041136,0.9743863393810032,0.0005035246727089627,0.0
3,0.2606,0.216548463356974,0.025465230166503428,0.06136606189967983,0.9848942598187311,0.0
4,0.248,0.14468085106382977,0.014691478942213516,0.012273212379935965,0.11278952668680765,0.9480584972264247
