,overall,task_0,task_1,task_2,task_3,task_4
0,0.2443,0.9801418439716312,0.009794319294809012,0.009071504802561366,0.12537764350453173,0.03832576903681291
1,0.2976,0.926241134751773,0.2624877571008815,0.0144076840981857,0.1510574018126888,0.08018154311649017
2,0.3097,0.6666666666666666,0.13516160626836435,0.6040554962646745,0.05639476334340383,0.10640443772062531
3,0.3794,0.4695035460992908,0.18707149853085211,0.2129135538954109,0.9335347432024169,0.06253151790216843
4,0.3751,0.37777777777777777,0.1743388834476004,0.12913553895410887,0.8549848942598187,0.30610186585980836
