,overall,task_0,task_1,task_2,task_3,task_4
0,0.211,0.9981087470449173,0.0,0.0,0.0,0.0
1,0.1975,0.0,0.9632713026444663,0.0,0.0,0.0
2,0.1847,0.0009456264775413711,0.0004897159647404506,0.9861259338313767,0.0,0.0
3,0.2018,0.015130023640661938,0.0019588638589618022,0.010138740661686232,0.9848942598187311,0.0
4,0.1905,0.0037825059101654845,0.00832517140058766,0.02294557097118463,0.023162134944612285,0.9021684316691881
