,overall,task_0,task_1,task_2,task_3,task_4
0,0.2186,0.975886524822695,0.01665034280117532,0.0288153681963714,0.0030211480362537764,0.011598587997982855
1,0.2355,0.9725768321513002,0.12193927522037218,0.017609391675560297,0.006042296072507553,0.01714573877962683
2,0.2937,0.8349881796690307,0.07982370225269343,0.39647812166488794,0.0755287009063444,0.07917297024710035
3,0.3757,0.5494089834515367,0.012732615083251714,0.37886872998932764,0.9254783484390735,0.014624306606152295
4,0.3673,0.542789598108747,0.029872673849167482,0.21664887940234792,0.8429003021148036,0.20020171457387798
