,overall,task_0,task_1,task_2,task_3,task_4
0,0.2416,0.9933806146572104,0.03721841332027424,0.0016008537886872999,0.0030211480362537764,0.10287443267776097
1,0.2929,0.9929078014184397,0.23604309500489715,0.013874066168623266,0.04833836858006042,0.09127584467977812
2,0.325,0.8453900709219858,0.26003917727717923,0.400213447171825,0.0256797583081571,0.07211296016137166
3,0.3969,0.6222222222222222,0.11606268364348678,0.2950907150480256,0.9310171198388721,0.0045385779122541605
4,0.42,0.5234042553191489,0.12438785504407443,0.2662753468516542,0.8877139979859013,0.2874432677760968
