,overall,task_0,task_1,task_2,task_3,task_4
0,0.2114,0.9995271867612293,0.0,0.0,0.0,0.0
1,0.2539,0.2543735224586288,0.9799216454456415,0.0,0.0,0.0
2,0.2715,0.39148936170212767,0.013712047012732615,0.9919957310565635,0.0,0.0
3,0.2314,0.12293144208037825,0.0068560235063663075,0.03468516542155817,0.9944612286002014,0.0
4,0.2158,0.06382978723404255,0.0014691478942213516,0.004268943436499467,0.044310171198388724,0.9702471003530005
