,overall,task_0,task_1,task_2,task_3,task_4
0,0.2112,0.9971631205673759,0.0,0.0,0.0,0.0
1,0.407,0.9905437352245863,0.9647404505386875,0.0,0.0,0.0
2,0.5683,0.9796690307328605,0.8966699314397649,0.9487726787620064,0.0,0.0
3,0.7071,0.9527186761229315,0.8589618021547503,0.7518676627534685,0.9395770392749244,0.0
4,0.7742,0.9721040189125295,0.8124387855044074,0.6531483457844184,0.7492447129909365,0.6681795259707514
