,overall,task_0,task_1,task_2,task_3,task_4
0,0.2113,0.9990543735224586,0.0,0.0,0.0,0.0
1,0.1864,0.0,0.9128305582761999,0.0,0.0,0.0
2,0.1866,0.0,0.0,0.9957310565635006,0.0,0.0
3,0.198,0.0,0.0,0.0,0.9969788519637462,0.0
4,0.1922,0.0,0.0,0.0,0.0,0.9692385274836107
