,overall,task_0,task_1,task_2,task_3,task_4
0,0.2113,0.9990543735224586,0.0,0.0,0.0,0.0
1,0.2171,0.09125295508274232,0.9686581782566112,0.0,0.0,0.0
2,0.2306,0.16312056737588654,0.047502448579823706,0.9946638207043756,0.0,0.0
3,0.2229,0.06855791962174941,0.013712047012732615,0.04589114194236926,0.9919436052366566,0.0
4,0.2058,0.013238770685579196,0.0039177277179236044,0.0026680896478121665,0.04582074521651561,0.9712556732223904
