,overall,task_0,task_1,task_2,task_3,task_4
0,0.2399,0.9933806146572104,0.04064642507345739,0.021878335112059766,0.09113796576032225,0.006555723651033787
1,0.3003,0.992434988179669,0.3305582761998041,0.0192102454642476,0.07401812688821752,0.016137165910237016
2,0.3433,0.983451536643026,0.32125367286973555,0.27161152614727857,0.07754279959718026,0.01714573877962683
3,0.4268,0.9815602836879432,0.32517140058765914,0.2102454642475987,0.5684793554884189,0.015128593040847202
4,0.4432,0.9673758865248226,0.257590597453477,0.21504802561366063,0.5392749244712991,0.15582450832072617
