,overall,task_0,task_1,task_2,task_3,task_4
0,0.2464,0.9933806146572104,0.12830558276199805,0.04589114194236926,0.0,0.007564296520423601
1,0.3453,0.992434988179669,0.5661116552399609,0.09338313767342583,0.004531722054380665,0.0070600100857286935
2,0.3837,0.8680851063829788,0.30264446620959845,0.724119530416222,0.010070493454179255,0.0030257186081694403
3,0.5351,0.9238770685579196,0.3109696376101861,0.5021344717182498,0.9164149043303121,0.0005042864346949068
4,0.4382,0.6931442080378251,0.058765915768854066,0.49092849519743864,0.7683786505538771,0.17650025214321735
