,overall,task_0,task_1,task_2,task_3,task_4
0,0.258,0.9598108747044918,0.11851126346718903,0.12379935965848453,0.026686807653575024,0.018658598083711547
1,0.3059,0.926241134751773,0.39960822722820766,0.10618996798292422,0.06545820745216516,0.014624306606152295
2,0.3727,0.8486997635933806,0.16307541625857003,0.759871931696905,0.044310171198388724,0.04336863338376198
3,0.4071,0.6378250591016549,0.07933398628795299,0.4055496264674493,0.9375629405840886,0.006555723651033787
4,0.3718,0.5877068557919621,0.05190989226248776,0.2849519743863394,0.905337361530715,0.05194150277357539
