,overall,task_0,task_1,task_2,task_3,task_4
0,0.2548,0.9957446808510638,0.00881488736532811,0.0005336179295624333,0.07603222557905337,0.13716591023701463
1,0.3007,0.9952718676122931,0.28795298726738494,0.013340448239060833,0.09667673716012085,0.04891578416540595
2,0.3846,0.9952718676122931,0.32859941234084233,0.36125933831376733,0.12789526686807653,0.07009581442259204
3,0.495,0.9895981087470449,0.2605288932419197,0.36019210245464245,0.8006042296072508,0.030257186081694403
4,0.5424,0.9853427895981087,0.23849167482859943,0.39220917822838847,0.7416918429003021,0.32526475037821484
