,overall,task_0,task_1,task_2,task_3,task_4
0,0.2139,0.9971631205673759,0.012732615083251714,0.0064034151547491995,0.002014098690835851,0.0015128593040847202
1,0.4077,0.9900709219858156,0.970617042115573,0.0026680896478121665,0.0,0.0005042864346949068
2,0.4943,0.9791962174940898,0.8364348677766895,0.5053361792956244,0.02366565961732125,0.06959152798789713
3,0.474,0.9494089834515367,0.6454456415279138,0.08858057630736393,0.47129909365558914,0.13968734241048916
4,0.6691,0.9427895981087471,0.8398628795298727,0.6376734258271078,0.8700906344410876,0.0010085728693898135
