,overall,task_0,task_1,task_2,task_3,task_4
0,0.2213,0.9971631205673759,0.011753183153770812,0.030949839914621132,0.0010070493454179255,0.010085728693898134
1,0.27,0.9985815602836879,0.24926542605288932,0.022411953041622197,0.002014098690835851,0.01664145234493192
2,0.3116,0.9985815602836879,0.15377081292850148,0.343649946638207,0.006545820745216516,0.01664145234493192
3,0.3826,0.9971631205673759,0.1493633692458374,0.3415154749199573,0.36958710976837866,0.019162884518406455
4,0.4329,0.9962174940898345,0.1405484818805093,0.35432230522945574,0.4209466263846928,0.21936459909228442
