,overall,task_0,task_1,task_2,task_3,task_4
0,0.2113,0.9990543735224586,0.0,0.0,0.0,0.0
1,0.2231,0.11158392434988179,0.9769833496571988,0.0,0.0,0.0
2,0.1964,0.034988179669030735,0.013222331047992164,0.9941302027748132,0.0,0.0
3,0.2184,0.02553191489361702,0.005876591576885406,0.0784418356456777,0.9924471299093656,0.0
4,0.2298,0.06619385342789598,0.0014691478942213516,0.0021344717182497333,0.14149043303121853,0.9430156328794755
