,overall,task_0,task_1,task_2,task_3,task_4
0,0.2112,0.9990543735224586,0.0,0.0,0.0,0.0
1,0.2392,0.20189125295508276,0.9583741429970617,0.0,0.0030211480362537764,0.0005042864346949068
2,0.2318,0.20520094562647753,0.029872673849167482,0.9845250800426895,0.0010070493454179255,0.0005042864346949068
3,0.236,0.12671394799054372,0.01811949069539667,0.06616862326574173,0.9828801611278952,0.0025214321734745334
4,0.2241,0.06430260047281323,0.016160626836434867,0.012273212379935965,0.09718026183282981,0.9465456379223399
