,overall,task_0,task_1,task_2,task_3,task_4
0,0.2108,0.9957446808510638,0.0,0.0,0.0,0.0
1,0.1977,0.0,0.9666993143976493,0.0,0.0,0.0
2,0.1839,0.0,0.0,0.9775880469583778,0.0,0.0
3,0.197,0.00047281323877068556,0.0004897159647404506,0.0064034151547491995,0.9859013091641491,0.0
4,0.1873,0.004728132387706856,0.0034280117531831538,0.011739594450373533,0.0010070493454179255,0.9314170448814927
