,overall,task_0,task_1,task_2,task_3,task_4
0,0.2659,0.9621749408983451,0.17091087169441724,0.0026680896478121665,0.06545820745216516,0.029752899646999495
1,0.3364,0.9011820330969267,0.4236043095004897,0.005869797225186766,0.1515609264853978,0.10186585980837115
2,0.3561,0.7073286052009456,0.20274240940254654,0.7070437566702241,0.08257804632426989,0.07413010590015129
3,0.4415,0.6671394799054373,0.11067580803134182,0.5362860192102454,0.8831822759315207,0.026222894604135148
4,0.3979,0.592434988179669,0.10137120470127327,0.3127001067235859,0.798086606243706,0.1961674230963187
