,overall,task_0,task_1,task_2,task_3,task_4
0,0.2278,0.9938534278959811,0.04113614103819784,0.0026680896478121665,0.04229607250755287,0.0015128593040847202
1,0.3528,0.9791962174940898,0.6606268364348677,0.0080042689434365,0.004531722054380665,0.04236006051437216
2,0.3873,0.9153664302600473,0.4103819784524976,0.37299893276414087,0.19889224572004027,0.0025214321734745334
3,0.4471,0.5990543735224586,0.28844270323212534,0.3697972251867663,0.9677744209466264,0.0
4,0.4451,0.5933806146572104,0.3952007835455436,0.2700106723585913,0.946122860020141,0.002017145738779627
