,overall,task_0,task_1,task_2,task_3,task_4
0,0.2229,0.9943262411347518,0.03379040156709109,0.009071504802561366,0.0,0.020171457387796268
1,0.277,0.9943262411347518,0.31243878550440746,0.009071504802561366,0.0,0.006051437216338881
2,0.3543,0.9134751773049645,0.07835455435847209,0.7465314834578441,0.015609264853977844,0.01059001512859304
3,0.474,0.7527186761229314,0.08570029382957885,0.5544290288153682,0.972306143001007,0.0015128593040847202
4,0.5103,0.8070921985815603,0.009794319294809012,0.45304162219850586,0.9154078549848943,0.35753908219868885
