,overall,task_0,task_1,task_2,task_3,task_4
0,0.2568,0.6983451536643026,0.11802154750244857,0.08110992529348986,0.08459214501510574,0.20020171457387798
1,0.3214,0.7815602836879433,0.4079333986287953,0.10939167556029883,0.07955689828801611,0.1956631366616238
2,0.3791,0.7243498817966904,0.33349657198824684,0.5554962646744931,0.06847935548841894,0.1664145234493192
3,0.4705,0.7059101654846336,0.3653281096963761,0.5042689434364994,0.7089627391742196,0.1059001512859304
4,0.5021,0.640661938534279,0.3070519098922625,0.48612593383137676,0.6722054380664653,0.3540090771558245
