,overall,task_0,task_1,task_2,task_3,task_4
0,0.3059,0.9843971631205674,0.06660137120470128,0.0080042689434365,0.21198388721047332,0.2042360060514372
1,0.367,0.9739952718676123,0.38883447600391774,0.02454642475987193,0.26938569989929506,0.11850731215330308
2,0.451,0.9309692671394799,0.36581782566111654,0.676093916755603,0.21198388721047332,0.05345436207766011
3,0.5453,0.8874704491725768,0.31929480901077373,0.5651013874066169,0.9133937562940584,0.025718608169440244
4,0.561,0.893144208037825,0.2316356513222331,0.4151547491995731,0.7487411883182276,0.4957135653050933
