,overall,task_0,task_1,task_2,task_3,task_4
0,0.2121,0.9947990543735225,0.0004897159647404506,0.0016008537886872999,0.0,0.005547150781643974
1,0.4077,0.9914893617021276,0.9671890303623898,0.0005336179295624333,0.0005035246727089627,0.0025214321734745334
2,0.4405,0.9787234042553191,0.5974534769833496,0.5736392742796158,0.011581067472306143,0.024205748865355523
3,0.4375,0.9475177304964539,0.44515181194906955,0.13980789754535752,0.4773413897280967,0.11598587997982854
4,0.7549,0.9583924349881797,0.8535749265426053,0.6542155816435432,0.8061430010070494,0.4826021180030257
