,overall,task_0,task_1,task_2,task_3,task_4
0,0.2114,0.9990543735224586,0.0,0.0,0.0,0.0
1,0.2559,0.3049645390070922,0.9382957884427032,0.0,0.0,0.0
2,0.2412,0.2458628841607565,0.02693437806072478,0.9818569903948773,0.0,0.0010085728693898135
3,0.2736,0.2553191489361702,0.029382957884427033,0.07950907150480256,0.9859013091641491,0.0
4,0.261,0.18770685579196217,0.020078354554358472,0.025080042689434364,0.12134944612286001,0.9520927887039838
