,overall,task_0,task_1,task_2,task_3,task_4
0,0.2114,0.9995271867612293,0.0,0.0,0.0,0.0
1,0.4067,0.9905437352245863,0.9715964740450539,0.0,0.0,0.0
2,0.5686,0.9862884160756501,0.8878550440744368,0.9439701173959445,0.0,0.0
3,0.7207,0.9711583924349881,0.8266405484818805,0.8655282817502669,0.9219536757301108,0.0015128593040847202
4,0.7733,0.9702127659574468,0.8251714005876591,0.6824973319103522,0.8831822759315207,0.4876449823499748
