,overall,task_0,task_1,task_2,task_3,task_4
0,0.2589,0.9588652482269504,0.07345739471106758,0.012273212379935965,0.17472306143001007,0.017650025214321734
1,0.3341,0.9550827423167849,0.5166503428011753,0.030416221985058698,0.10120845921450151,0.017650025214321734
2,0.3435,0.6264775413711584,0.25269343780607245,0.7934898612593383,0.015105740181268883,0.026222894604135148
3,0.3604,0.39858156028368796,0.04407443682664055,0.4621131270010672,0.8952668680765358,0.0070600100857286935
4,0.3567,0.46761229314420805,0.03281096963761019,0.41141942369263607,0.7638469284994964,0.0978315683308119
