,overall,task_0,task_1,task_2,task_3,task_4
0,0.241,0.983451536643026,0.03574926542605289,0.008537886872998933,0.045317220543806644,0.06253151790216843
1,0.3037,0.9862884160756501,0.39373163565132224,0.0080042689434365,0.028197381671701913,0.05648008068582955
2,0.3487,0.8628841607565012,0.13320274240940255,0.6584845250800427,0.008056394763343404,0.10690872415532023
3,0.3979,0.5621749408983452,0.03574926542605289,0.47491995731056563,0.8806646525679759,0.04589006555723651
4,0.3272,0.3943262411347518,0.03721841332027424,0.47011739594450375,0.6933534743202417,0.07967725668179526
