,overall,task_0,task_1,task_2,task_3,task_4
0,0.2356,0.9947990543735225,0.00930460333006856,0.005336179295624333,0.09818731117824774,0.014120020171457387
1,0.2416,0.9858156028368794,0.0871694417238002,0.030949839914621132,0.04682779456193353,0.01361573373676248
2,0.3203,0.8307328605200945,0.07296767874632713,0.6286019210245464,0.03726082578046324,0.01059001512859304
3,0.3717,0.5399527186761229,0.022526934378060724,0.25827107790821774,0.9521651560926485,0.07261724659606657
4,0.3738,0.375886524822695,0.09157688540646425,0.2630736392742796,0.9003021148036254,0.2329803328290469
