,overall,task_0,task_1,task_2,task_3,task_4
0,0.2111,0.9985815602836879,0.0,0.0,0.0,0.0
1,0.1982,0.0,0.9642507345739472,0.0,0.0,0.0
2,0.1841,0.0,0.0,0.9786552828175027,0.0,0.0
3,0.2007,0.017494089834515367,0.0039177277179236044,0.0048025613660619,0.9884189325276939,0.0
4,0.188,0.02127659574468085,0.014691478942213516,0.0048025613660619,0.013595166163141994,0.8885526979324256
