,overall,task_0,task_1,task_2,task_3,task_4
0,0.252,0.8368794326241135,0.06758080313418217,0.1536819637139808,0.045317220543806644,0.10993444276348967
1,0.3133,0.7957446808510639,0.4853085210577865,0.05816435432230523,0.0553877139979859,0.12102874432677761
2,0.3342,0.5839243498817966,0.3099902056807052,0.6291355389541089,0.07200402819738168,0.07413010590015129
3,0.3877,0.4723404255319149,0.09647404505386875,0.4018143009605123,0.9496475327291037,0.03530005042864347
4,0.3926,0.3791962174940898,0.10039177277179236,0.26680896478121663,0.7618328298086606,0.4881492687846697
