,overall,task_0,task_1,task_2,task_3,task_4
0,0.211,0.9971631205673759,0.0,0.0,0.0,0.0
1,0.4064,0.9914893617021276,0.9671890303623898,0.0,0.0,0.0
2,0.5644,0.9829787234042553,0.8667972575905974,0.9418356456776947,0.003524672708962739,0.0
3,0.7125,0.9621749408983451,0.8334965719882468,0.8351120597652081,0.9174219536757301,0.0005042864346949068
4,0.8063,0.9574468085106383,0.8222331047992164,0.5704375667022412,0.8564954682779456,0.8149268784669692
