,overall,task_0,task_1,task_2,task_3,task_4
0,0.2571,0.9068557919621749,0.02791380999020568,0.13553895410885805,0.14149043303121853,0.030761472516389308
1,0.3544,0.900709219858156,0.5778648383937316,0.12326574172892209,0.08207452165156093,0.03277861825516894
2,0.3994,0.7295508274231679,0.395690499510284,0.8121664887940235,0.04380664652567976,0.01714573877962683
3,0.5395,0.7801418439716312,0.2781586679725759,0.7593383137673426,0.877643504531722,0.005547150781643974
4,0.5603,0.7546099290780142,0.2933398628795299,0.692102454642476,0.8605236656596174,0.2027231467473525
