,overall,task_0,task_1,task_2,task_3,task_4
0,0.2112,0.9990543735224586,0.0,0.0,0.0,0.0
1,0.4058,0.9891252955082742,0.9642507345739472,0.0,0.0,0.0
2,0.5749,0.9843971631205674,0.9118511263467189,0.9487726787620064,0.0,0.0
3,0.7219,0.9711583924349881,0.8325171400587659,0.8639274279615795,0.9169184290030211,0.0015128593040847202
4,0.8098,0.9442080378250591,0.7889324191968659,0.6915688367129136,0.8529707955689829,0.7932425617750882
