,overall,task_0,task_1,task_2,task_3,task_4
0,0.2112,0.9981087470449173,0.0,0.0,0.0,0.0
1,0.1994,0.010874704491725768,0.9622918707149853,0.0,0.0,0.0
2,0.2142,0.08888888888888889,0.05484818805093046,0.9749199573105657,0.0015105740181268882,0.0
3,0.2285,0.05815602836879433,0.021057786483839373,0.08591248665955176,0.9823766364551864,0.0
4,0.2378,0.15271867612293144,0.010773751224289911,0.022411953041622197,0.06445115810674723,0.9546142208774584
