,overall,task_0,task_1,task_2,task_3,task_4
0,0.2111,0.9985815602836879,0.0,0.0,0.0,0.0
1,0.1974,0.0,0.9657198824681684,0.0,0.0,0.0
2,0.1834,0.0,0.0,0.9775880469583778,0.0,0.0
3,0.1974,0.003309692671394799,0.002448579823702253,0.006937033084311633,0.9823766364551864,0.0
4,0.1942,0.0,0.0034280117531831538,0.0032017075773745998,0.019637462235649546,0.9455370650529501
