,overall,task_0,task_1,task_2,task_3,task_4
0,0.22,0.9971631205673759,0.0004897159647404506,0.0208110992529349,0.0010070493454179255,0.01664145234493192
1,0.408,0.9895981087470449,0.9735553379040157,0.0,0.0010070493454179255,0.0
2,0.5331,0.9744680851063829,0.8819784524975515,0.7470651013874067,0.013091641490433032,0.022188603126575897
3,0.4844,0.9569739952718677,0.7801175318315378,0.18836712913553896,0.33534743202416917,0.11144730206757439
4,0.7207,0.966903073286052,0.8638589618021547,0.655282817502668,0.595166163141994,0.4826021180030257
