,overall,task_0,task_1,task_2,task_3,task_4
0,0.2114,1.0,0.0,0.0,0.0,0.0
1,0.3121,0.5267139479905437,0.9642507345739472,0.0032017075773745998,0.0,0.002017145738779627
2,0.2644,0.3442080378250591,0.0416258570029383,0.9663820704375667,0.0,0.0
3,0.259,0.2297872340425532,0.017140058765915768,0.07417289220917823,0.9848942598187311,0.0015128593040847202
4,0.268,0.2515366430260047,0.015181194906953967,0.013874066168623266,0.10976837865055387,0.9384770549672213
