,overall,task_0,task_1,task_2,task_3,task_4
0,0.2439,0.9919621749408983,0.07051909892262488,0.0576307363927428,0.0377643504531722,0.02319717599596571
1,0.3008,0.9782505910165484,0.33104799216454456,0.020277481323372464,0.06143001007049345,0.06253151790216843
2,0.3816,0.8539007092198582,0.1297747306562194,0.7726787620064034,0.07351460221550855,0.03681290973272819
3,0.4369,0.5853427895981087,0.08765915768854064,0.6056563500533618,0.9234642497482377,0.002017145738779627
4,0.4129,0.4973995271867612,0.07149853085210578,0.5976520811099253,0.8348439073514602,0.1043872919818457
