,overall,task_0,task_1,task_2,task_3,task_4
0,0.2569,0.9952718676122931,0.011263467189030362,0.0032017075773745998,0.2190332326283988,0.0
1,0.3509,0.9947990543735225,0.47502448579823703,0.0,0.21651560926485397,0.0025214321734745334
2,0.4581,0.9839243498817967,0.38736532810969637,0.6616862326574173,0.23413897280966767,0.002017145738779627
3,0.42,0.7536643026004728,0.11263467189030363,0.28601921024546423,0.9259818731117825,0.0005042864346949068
4,0.4349,0.6789598108747045,0.02742409402546523,0.291889007470651,0.972809667673716,0.19062027231467474
