,overall,task_0,task_1,task_2,task_3,task_4
0,0.2112,0.9985815602836879,0.0,0.0,0.0,0.0
1,0.2,0.0,0.9794319294809011,0.0,0.0,0.0
2,0.1823,0.0,0.0,0.9727854855923159,0.0,0.0
3,0.1977,0.0,0.0,0.0,0.9954682779456193,0.0
4,0.194,0.0,0.0,0.0,0.0,0.978315683308119
