,overall,task_0,task_1,task_2,task_3,task_4
0,0.2113,0.9985815602836879,0.0,0.0,0.0,0.0
1,0.1987,0.0,0.9686581782566112,0.0,0.0,0.0
2,0.1834,0.0028368794326241137,0.0019588638589618022,0.964247598719317,0.0,0.0
3,0.2004,0.0070921985815602835,0.0034280117531831538,0.0144076840981857,0.9859013091641491,0.0005042864346949068
4,0.1846,0.008037825059101654,0.004407443682664055,0.009071504802561366,0.0015105740181268882,0.9102370146243066
