,overall,task_0,task_1,task_2,task_3,task_4
0,0.2114,0.9995271867612293,0.0,0.0,0.0,0.0
1,0.2408,0.19952718676122932,0.9725759059745348,0.0,0.0,0.0
2,0.2274,0.19243498817966903,0.004407443682664055,0.991462113127001,0.0,0.0
3,0.217,0.037825059101654845,0.0068560235063663075,0.054429028815368194,0.9939577039274925,0.0
4,0.2021,0.018439716312056736,0.0039177277179236044,0.0016008537886872999,0.04179254783484391,0.9520927887039838
