,overall,task_0,task_1,task_2,task_3,task_4
0,0.2112,0.9985815602836879,0.0,0.0,0.0,0.0
1,0.1809,0.0,0.885896180215475,0.0,0.0,0.0
2,0.1862,0.0,0.0,0.9935965848452508,0.0,0.0
3,0.1981,0.0,0.0,0.0,0.9974823766364552,0.0
4,0.1942,0.0,0.0,0.0,0.0,0.9793242561775088
