,overall,task_0,task_1,task_2,task_3,task_4
0,0.2115,1.0,0.0,0.0,0.0,0.0
1,0.2041,0.02033096926713948,0.9784524975514202,0.0,0.0,0.0
2,0.234,0.1612293144208038,0.06807051909892263,0.9925293489861259,0.0,0.0
3,0.2294,0.027895981087470448,0.01665034280117532,0.12219850586979722,0.9929506545820745,0.0
4,0.221,0.034988179669030735,0.00930460333006856,0.0026680896478121665,0.09667673716012085,0.9682299546142209
