,overall,task_0,task_1,task_2,task_3,task_4
0,0.2363,0.7375886524822695,0.19147894221351616,0.1622198505869797,0.038267875125881166,0.014120020171457387
1,0.3128,0.8501182033096927,0.45690499510284033,0.09818569903948772,0.054380664652567974,0.02168431669188099
2,0.335,0.7626477541371158,0.28550440744368266,0.576307363927428,0.04632426988922457,0.023701462430660614
3,0.4012,0.7361702127659574,0.20861900097943192,0.4391675560298826,0.5931520644511581,0.03580433686333838
4,0.417,0.6387706855791963,0.18462291870714986,0.5400213447171825,0.5931520644511581,0.1341401916288452
