,overall,task_0,task_1,task_2,task_3,task_4
0,0.2113,0.9990543735224586,0.0,0.0,0.0,0.0
1,0.2077,0.04066193853427896,0.975024485798237,0.0,0.0,0.0
2,0.2133,0.108274231678487,0.02056807051909892,0.9935965848452508,0.0,0.0
3,0.2129,0.0491725768321513,0.0019588638589618022,0.025613660618996798,0.9934541792547835,0.0
4,0.208,0.030732860520094562,0.0009794319294809011,0.0016008537886872999,0.04783484390735146,0.9657085224407463
