,overall,task_0,task_1,task_2,task_3,task_4
0,0.2391,0.9725768321513002,0.021057786483839373,0.016542155816435433,0.0377643504531722,0.10085728693898134
1,0.2829,0.9621749408983451,0.2908912830558276,0.028281750266808965,0.024672708962739175,0.07715582450832073
2,0.3362,0.9314420803782506,0.16454456415279137,0.43329775880469584,0.039778449144008056,0.08825012607160868
3,0.4111,0.908274231678487,0.12830558276199805,0.48612593383137676,0.45065458207452164,0.08774583963691376
4,0.4405,0.833096926713948,0.14985308521057786,0.4610458911419424,0.36656596173212486,0.35047907211296014
