,overall,task_0,task_1,task_2,task_3,task_4
0,0.2457,0.992434988179669,0.12487757100881489,0.04909284951974386,0.0055387713997985906,0.013111447302067574
1,0.3191,0.9862884160756501,0.46474045053868757,0.07043756670224119,0.017623363544813697,0.019162884518406455
2,0.3754,0.9749408983451536,0.38246816846229187,0.43383137673425826,0.022155085599194362,0.024710035300050427
3,0.4339,0.9730496453900709,0.3388834476003918,0.3463180362860192,0.46273917421953675,0.014120020171457387
4,0.4542,0.9659574468085106,0.3031341821743389,0.327641408751334,0.47180261832829806,0.18910741301059
