,overall,task_0,task_1,task_2,task_3,task_4
0,0.2115,0.9971631205673759,0.0,0.0,0.0,0.0
1,0.1942,0.0,0.951028403525955,0.0,0.0,0.0
2,0.1848,0.0018912529550827422,0.0039177277179236044,0.9781216648879403,0.0,0.002017145738779627
3,0.1973,0.0018912529550827422,0.0,0.0016008537886872999,0.9934541792547835,0.0005042864346949068
4,0.1908,0.0014184397163120568,0.0039177277179236044,0.010138740661686232,0.054380664652567974,0.8966212808875441
