,overall,task_0,task_1,task_2,task_3,task_4
0,0.2113,0.9990543735224586,0.0,0.0,0.0,0.0
1,0.1962,0.0,0.9613124387855044,0.0,0.0,0.0
2,0.185,0.0037825059101654845,0.0,0.9813233724653149,0.0,0.0
3,0.1954,0.0009456264775413711,0.002448579823702253,0.0005336179295624333,0.9874118831822759,0.0
4,0.182,0.006619385342789598,0.006366307541625857,0.003735325506937033,0.010070493454179255,0.8976298537569339
