,overall,task_0,task_1,task_2,task_3,task_4
0,0.2111,0.9976359338061466,0.0,0.0,0.0,0.0
1,0.4073,0.9886524822695035,0.9720861900097943,0.0,0.0,0.0
2,0.5699,0.9796690307328605,0.9333986287952988,0.9343649946638207,0.0,0.0
3,0.7193,0.9754137115839243,0.8579823702252694,0.8265741728922091,0.9154078549848943,0.0010085728693898135
4,0.7943,0.9631205673758865,0.7879529872673849,0.6371398078975453,0.851460221550856,0.6717095310136157
