,overall,task_0,task_1,task_2,task_3,task_4
0,0.2102,0.9933806146572104,0.0,0.0,0.0,0.0
1,0.1967,0.0,0.9647404505386875,0.0,0.0,0.0
2,0.1819,0.0018912529550827422,0.004897159647404506,0.9695837780149413,0.0,0.0
3,0.1966,0.002364066193853428,0.002448579823702253,0.0010672358591248667,0.986404833836858,0.0
4,0.1953,0.004728132387706856,0.02889324191968658,0.008537886872998933,0.015609264853977844,0.9218356026222895
