,overall,task_0,task_1,task_2,task_3,task_4
0,0.2613,0.9872340425531915,0.023016650342801176,0.23585912486659552,0.002014098690835851,0.016137165910237016
1,0.3396,0.9635933806146572,0.5778648383937316,0.06136606189967983,0.005035246727089627,0.026727181038830056
2,0.3317,0.9144208037825059,0.0969637610186092,0.5917822838847385,0.006042296072507553,0.03227433182047403
3,0.365,0.4614657210401891,0.014201762977473066,0.45624332977588045,0.8987915407854985,0.0025214321734745334
4,0.3933,0.4879432624113475,0.011753183153770812,0.48612593383137676,0.8197381671701913,0.17044881492687847
