,overall,task_0,task_1,task_2,task_3,task_4
0,0.2344,0.9938534278959811,0.007345739471106758,0.0048025613660619,0.0015105740181268882,0.10842158345940495
1,0.3291,0.9914893617021276,0.4382957884427032,0.005869797225186766,0.003524672708962739,0.14170448814926878
2,0.4063,0.8226950354609929,0.13124387855044076,0.8255069370330843,0.008559919436052367,0.2476046394351992
3,0.4554,0.5716312056737589,0.11606268364348678,0.6109925293489862,0.9602215508559919,0.028240040342914774
4,0.471,0.5224586288416075,0.31537708129285014,0.29882604055496265,0.8348439073514602,0.3746848209783157
