,overall,task_0,task_1,task_2,task_3,task_4
0,0.2429,0.9517730496453901,0.06807051909892263,0.0736392742796158,0.013595166163141994,0.028240040342914774
1,0.3114,0.8884160756501182,0.4422135161606268,0.10405549626467449,0.02769385699899295,0.039334341906202726
2,0.3243,0.6869976359338061,0.23800195886385897,0.6648879402347919,0.010070493454179255,0.03328290468986384
3,0.3946,0.4817966903073286,0.133692458374143,0.5544290288153682,0.8066465256797583,0.02118003025718608
4,0.4098,0.5394799054373522,0.05680705190989226,0.43169690501600855,0.8575025176233635,0.17851739788199697
