,overall,task_0,task_1,task_2,task_3,task_4
0,0.2173,0.9962174940898345,0.01028403525954946,0.004268943436499467,0.003524672708962739,0.0030257186081694403
1,0.4098,0.9895981087470449,0.975024485798237,0.0016008537886872999,0.0005035246727089627,0.0
2,0.5191,0.9810874704491725,0.8648383937316356,0.66008537886873,0.025176233635448138,0.01664145234493192
3,0.4242,0.9654846335697399,0.579333986287953,0.09925293489861259,0.30966767371601206,0.06253151790216843
4,0.6818,0.9754137115839243,0.8393731635651323,0.5432230522945571,0.5357502517623364,0.48361069087241554
