,overall,task_0,task_1,task_2,task_3,task_4
0,0.2609,0.9791962174940898,0.21253672869735554,0.0016008537886872999,0.0473313192346425,0.0035300050428643467
1,0.3309,0.9777777777777777,0.5048971596474046,0.04909284951974386,0.0256797583081571,0.033787191124558746
2,0.3916,0.8482269503546099,0.2198824681684623,0.6963713980789754,0.18277945619335348,0.0025214321734745334
3,0.4394,0.532387706855792,0.09941234084231146,0.5955176093916755,0.9808660624370594,0.0005042864346949068
4,0.4405,0.5470449172576832,0.05729676787463271,0.7422625400213447,0.824773413897281,0.05143721633888049
