,overall,task_0,task_1,task_2,task_3,task_4
0,0.2391,0.9947990543735225,0.00930460333006856,0.0032017075773745998,0.0055387713997985906,0.12657589510842157
1,0.3288,0.9900709219858156,0.3702252693437806,0.0021344717182497333,0.0,0.2188603126575895
2,0.3427,0.9342789598108747,0.0416258570029383,0.4775880469583778,0.0,0.23751891074130105
3,0.4021,0.7167848699763594,0.0014691478942213516,0.2849519743863394,0.9627391742195368,0.028240040342914774
4,0.4272,0.5371158392434988,0.002448579823702253,0.2305229455709712,0.8882175226586103,0.47150781643973777
