,overall,task_0,task_1,task_2,task_3,task_4
0,0.2115,0.9995271867612293,0.0,0.0,0.0,0.0
1,0.1971,0.0,0.9676787463271302,0.0,0.0,0.0
2,0.1855,0.002364066193853428,0.0004897159647404506,0.9818569903948773,0.0,0.0005042864346949068
3,0.2013,0.002364066193853428,0.007345739471106758,0.02934898612593383,0.986404833836858,0.0
4,0.1666,0.0037825059101654845,0.005876591576885406,0.03948772678762007,0.008056394763343404,0.7831568330811901
