,overall,task_0,task_1,task_2,task_3,task_4
0,0.217,0.9995271867612293,0.0053868756121449556,0.0010672358591248667,0.012588116817724069,0.006555723651033787
1,0.4079,0.9881796690307328,0.9691478942213516,0.0005336179295624333,0.0,0.0015128593040847202
2,0.5743,0.9777777777777777,0.9079333986287953,0.9092849519743863,0.026686807653575024,0.02319717599596571
3,0.5322,0.957919621749409,0.7296767874632712,0.3463180362860192,0.3856998992950655,0.1427130610186586
4,0.7116,0.9631205673758865,0.8594515181194907,0.7235859124866596,0.5483383685800605,0.464952092788704
