,overall,task_0,task_1,task_2,task_3,task_4
0,0.2354,0.9957446808510638,0.017140058765915768,0.0416221985058698,0.013091641490433032,0.054967221381744834
1,0.3268,0.9938534278959811,0.45690499510284033,0.0432230522945571,0.035246727089627394,0.04135148764498235
2,0.4192,0.9843971631205674,0.3809990205680705,0.6456776947705443,0.02366565961732125,0.037821482602118005
3,0.5125,0.9872340425531915,0.32125367286973555,0.5570971184631803,0.6510574018126888,0.022188603126575897
4,0.5274,0.9872340425531915,0.27081292850146915,0.516008537886873,0.6359516616314199,0.2032274331820474
