,overall,task_0,task_1,task_2,task_3,task_4
0,0.2388,0.9886524822695035,0.00930460333006856,0.06937033084311633,0.03121852970795569,0.015632879475542108
1,0.291,0.9673758865248226,0.28354554358472084,0.09391675560298826,0.05639476334340383,0.030257186081694403
2,0.3452,0.7286052009456265,0.11116552399608227,0.816435432230523,0.05740181268882175,0.01664145234493192
3,0.4336,0.6118203309692671,0.07051909892262488,0.5592315901814301,0.9103726082578046,0.004034291477559254
4,0.4063,0.6260047281323877,0.0910871694417238,0.3991462113127001,0.7915407854984894,0.13716591023701463
