,overall,task_0,task_1,task_2,task_3,task_4
0,0.2104,0.9952718676122931,0.0,0.0,0.0,0.0
1,0.4049,0.9853427895981087,0.9686581782566112,0.0,0.0,0.0
2,0.567,0.9820330969267139,0.885896180215475,0.9498399146211313,0.0,0.0
3,0.7163,0.9583924349881797,0.861900097943193,0.823906083244397,0.9259818731117825,0.0010085728693898135
4,0.7892,0.9650118203309692,0.8001958863858962,0.4695837780149413,0.8046324269889225,0.864851235501765
