,overall,task_0,task_1,task_2,task_3,task_4
0,0.2464,0.9957446808510638,0.06904995102840353,0.0032017075773745998,0.02014098690835851,0.08774583963691376
1,0.2941,0.9929078014184397,0.29529872673849167,0.006937033084311633,0.0075528700906344415,0.11144730206757439
2,0.3529,0.8160756501182033,0.28942213516160625,0.5907150480256137,0.005035246727089627,0.05849722642460918
3,0.4295,0.7333333333333333,0.0940254652301665,0.4119530416221985,0.8887210473313192,0.020675743822491176
4,0.4356,0.6212765957446809,0.15083251714005877,0.37459978655282816,0.7759315206445115,0.23045890065557237
