,overall,task_0,task_1,task_2,task_3,task_4
0,0.2574,0.9867612293144208,0.023996082272282077,0.0864461045891142,0.010574018126888218,0.1205244578920827
1,0.3094,0.984869976359338,0.3535749265426053,0.02934898612593383,0.015105740181268883,0.1059001512859304
2,0.3569,0.9134751773049645,0.09647404505386875,0.663820704375667,0.003524672708962739,0.10791729702471003
3,0.4299,0.7035460992907802,0.07002938295788443,0.37620064034151546,0.9436052366565961,0.014120020171457387
4,0.4213,0.6964539007092199,0.10284035259549461,0.2534685165421558,0.8429003021148036,0.19768028240040342
