,overall,task_0,task_1,task_2,task_3,task_4
0,0.2112,0.9976359338061466,0.0,0.0,0.0,0.0
1,0.1961,0.0,0.9578844270323212,0.0,0.0,0.0
2,0.1834,0.0018912529550827422,0.0,0.9754535752401281,0.0,0.0
3,0.1987,0.0037825059101654845,0.002448579823702253,0.012273212379935965,0.9768378650553877,0.0
4,0.158,0.008037825059101654,0.013712047012732615,0.03575240128068303,0.0,0.7493696419566314
