,overall,task_0,task_1,task_2,task_3,task_4
0,0.2347,0.957919621749409,0.04995102840352596,0.01814300960512273,0.011581067472306143,0.08119011598587998
1,0.303,0.9446808510638298,0.3525954946131244,0.04055496264674493,0.025176233635448138,0.0902672718103883
2,0.3642,0.915839243498818,0.257590597453477,0.5661686232657417,0.01661631419939577,0.06757438224911749
3,0.4334,0.9044917257683215,0.25612144955925564,0.544290288153682,0.38872104733131924,0.05194150277357539
4,0.4602,0.8600472813238771,0.19196865817825662,0.5229455709711847,0.31671701913393757,0.39989914271306104
