,overall,task_0,task_1,task_2,task_3,task_4
0,0.2114,0.9995271867612293,0.0,0.0,0.0,0.0
1,0.1979,0.0,0.9691478942213516,0.0,0.0,0.0
2,0.1868,0.0,0.0,0.9967982924226254,0.0,0.0
3,0.1977,0.0,0.0,0.0,0.9954682779456193,0.0
4,0.1949,0.0,0.0,0.0010672358591248667,0.0,0.9818456883509834
