,overall,task_0,task_1,task_2,task_3,task_4
0,0.2486,0.9881796690307328,0.042605288932419196,0.0240128068303095,0.08559919436052367,0.038830055471507814
1,0.2972,0.9177304964539007,0.28256611165524,0.10138740661686232,0.055891238670694864,0.07967725668179526
2,0.3146,0.6666666666666666,0.058765915768854066,0.7886872998932765,0.07049345417925479,0.0226928895612708
3,0.3849,0.4373522458628842,0.03330068560235064,0.45197438633938103,0.9828801611278952,0.030257186081694403
4,0.3898,0.45059101654846334,0.0435847208619001,0.2876200640341515,0.947129909365559,0.21331316187594554
