,overall,task_0,task_1,task_2,task_3,task_4
0,0.265,0.9820330969267139,0.1811949069539667,0.0048025613660619,0.013091641490433032,0.08472012102874432
1,0.3844,0.9479905437352246,0.7482859941234085,0.0096051227321238,0.03323262839879154,0.11447302067574382
2,0.4267,0.8988179669030733,0.6674828599412341,0.37780149413020275,0.021148036253776436,0.1275844679778114
3,0.5159,0.7976359338061466,0.5342801175318316,0.33511205976520814,0.8147029204431017,0.0680786686838124
4,0.5483,0.6950354609929078,0.6033300685602351,0.29722518676627535,0.702416918429003,0.41805345436207764
