,overall,task_0,task_1,task_2,task_3,task_4
0,0.2111,0.9985815602836879,0.0,0.0,0.0,0.0
1,0.198,0.0,0.9647404505386875,0.0,0.0,0.0
2,0.1839,0.0,0.0,0.971718249733191,0.0,0.0005042864346949068
3,0.1979,0.005673758865248227,0.0,0.003735325506937033,0.9869083585095669,0.0005042864346949068
4,0.1934,0.009929078014184398,0.0019588638589618022,0.004268943436499467,0.004028197381671702,0.9374684820978316
