,overall,task_0,task_1,task_2,task_3,task_4
0,0.2115,1.0,0.0,0.0,0.0,0.0
1,0.199,0.0,0.9745347698334965,0.0,0.0,0.0
2,0.2167,0.13286052009456265,0.01028403525954946,0.9951974386339381,0.0,0.0
3,0.2208,0.05768321513002364,0.030362389813907934,0.027214514407684097,0.9934541792547835,0.0
4,0.2066,0.002364066193853428,0.015670910871694418,0.0032017075773745998,0.04984894259818731,0.9702471003530005
