,overall,task_0,task_1,task_2,task_3,task_4
0,0.2112,0.9985815602836879,0.0,0.0,0.0,0.0
1,0.2125,0.0884160756501182,0.9431929480901078,0.0,0.0,0.0005042864346949068
2,0.2216,0.13947990543735225,0.03379040156709109,0.9791889007470651,0.0,0.0010085728693898135
3,0.2433,0.09692671394799054,0.025465230166503428,0.09018143009605123,0.9909365558912386,0.0015128593040847202
4,0.2167,0.03829787234042553,0.014201762977473066,0.015474919957310566,0.0931520644511581,0.9329299041855774
