,overall,task_0,task_1,task_2,task_3,task_4
0,0.233,0.9966903073286052,0.021547502448579822,0.032017075773746,0.0,0.05950579929399899
1,0.3233,0.9947990543735225,0.47992164544564153,0.032017075773746,0.0015105740181268882,0.04336863338376198
2,0.3885,0.9862884160756501,0.3266405484818805,0.5400213447171825,0.0015105740181268882,0.059001512859304085
3,0.4833,0.9820330969267139,0.2938295788442703,0.5229455709711847,0.5241691842900302,0.0680786686838124
4,0.5647,0.9725768321513002,0.38883447600391774,0.5058697972251868,0.526686807653575,0.4044377206253152
