,overall,task_0,task_1,task_2,task_3,task_4
0,0.2112,0.9981087470449173,0.0,0.0,0.0,0.0
1,0.1937,0.0,0.9451518119490695,0.0,0.0,0.0
2,0.1829,0.0,0.0,0.9786552828175027,0.0,0.0
3,0.1984,0.00047281323877068556,0.002448579823702253,0.003735325506937033,0.9894259818731118,0.0
4,0.1859,0.002364066193853428,0.00832517140058766,0.012806830309498399,0.0010070493454179255,0.9041855774079677
