,overall,task_0,task_1,task_2,task_3,task_4
0,0.2113,0.9990543735224586,0.0,0.0,0.0,0.0
1,0.1833,0.0,0.8976493633692458,0.0,0.0,0.0
2,0.1868,0.0,0.0,0.9967982924226254,0.0,0.0
3,0.1977,0.0,0.0,0.0,0.9954682779456193,0.0
4,0.1895,0.0,0.0,0.0,0.0,0.9556227937468482
