,overall,task_0,task_1,task_2,task_3,task_4
0,0.2381,0.9976359338061466,0.004407443682664055,0.010138740661686232,0.11278952668680765,0.009581442259203227
1,0.3104,0.9966903073286052,0.3545543584720862,0.0026680896478121665,0.11832829808660625,0.016137165910237016
2,0.3625,0.9962174940898345,0.321743388834476,0.2534685165421558,0.16817724068479356,0.026222894604135148
3,0.4679,0.9952718676122931,0.19196865817825662,0.2892209178228389,0.797583081570997,0.028240040342914774
4,0.4719,0.9853427895981087,0.1346718903036239,0.21398078975453574,0.7920443101711984,0.19465456379223398
