,overall,task_0,task_1,task_2,task_3,task_4
0,0.2111,0.9985815602836879,0.0,0.0,0.0,0.0
1,0.4065,0.9872340425531915,0.9671890303623898,0.0,0.0,0.0
2,0.5727,0.9820330969267139,0.9333986287952988,0.9290288153681964,0.0010070493454179255,0.0010085728693898135
3,0.7126,0.9432624113475178,0.8330068560235063,0.804162219850587,0.9541792547834844,0.0
4,0.7848,0.9437352245862884,0.7536728697355534,0.7123799359658485,0.7960725075528701,0.708522440746344
