,overall,task_0,task_1,task_2,task_3,task_4
0,0.2137,0.9981087470449173,0.0019588638589618022,0.0016008537886872999,0.0015105740181268882,0.006051437216338881
1,0.4083,0.9900709219858156,0.9740450538687562,0.0021344717182497333,0.0010070493454179255,0.0030257186081694403
2,0.5694,0.9791962174940898,0.8589618021547503,0.8980789754535753,0.08257804632426989,0.01714573877962683
3,0.5079,0.9635933806146572,0.5950048971596474,0.15848452508004268,0.5845921450151057,0.18204740292486132
4,0.753,0.9697399527186761,0.816356513222331,0.6723585912486659,0.8046324269889225,0.46747352496217853
