,overall,task_0,task_1,task_2,task_3,task_4
0,0.2111,1.0,0.0,0.0,0.0,0.0
1,0.1985,0.0028368794326241137,0.9676787463271302,0.0,0.0005035246727089627,0.0
2,0.2084,0.08132387706855793,0.0416258570029383,0.9743863393810032,0.0010070493454179255,0.0
3,0.2249,0.06335697399527186,0.021547502448579822,0.0736392742796158,0.9894259818731118,0.0005042864346949068
4,0.216,0.02033096926713948,0.00881488736532811,0.022411953041622197,0.10725075528700906,0.9500756429652042
