,overall,task_0,task_1,task_2,task_3,task_4
0,0.2582,0.948936170212766,0.04505386875612145,0.025613660618996798,0.09164149043303121,0.12556732223903178
1,0.2918,0.9148936170212766,0.25220372184133205,0.0208110992529349,0.10876132930513595,0.12304589006555723
2,0.3371,0.8534278959810875,0.2286973555337904,0.38847385272145146,0.09164149043303121,0.09480584972264246
3,0.4296,0.873758865248227,0.18707149853085211,0.3633938100320171,0.6042296072507553,0.10741301059001512
4,0.4346,0.7914893617021277,0.12291870714985309,0.3820704375667022,0.44511581067472306,0.3691376701966717
