,overall,task_0,task_1,task_2,task_3,task_4
0,0.2113,0.9990543735224586,0.0,0.0,0.0,0.0
1,0.1929,0.0,0.944662095984329,0.0,0.0,0.0
2,0.1866,0.0,0.0,0.9957310565635006,0.0,0.0
3,0.1972,0.0,0.0,0.0,0.9929506545820745,0.0
4,0.1934,0.0,0.0004897159647404506,0.0,0.0005035246727089627,0.9742813918305597
