,overall,task_0,task_1,task_2,task_3,task_4
0,0.2347,0.9664302600472813,0.062193927522037215,0.019743863393810034,0.05236656596173213,0.012607160867372668
1,0.2381,0.9612293144208038,0.13320274240940255,0.0144076840981857,0.014098690835850957,0.013111447302067574
2,0.3291,0.8973995271867612,0.089128305582762,0.5629669156883671,0.019637462235649546,0.025718608169440244
3,0.4165,0.7328605200945626,0.089128305582762,0.4210245464247599,0.8162134944612286,0.006555723651033787
4,0.4533,0.6217494089834515,0.18854064642507345,0.5154749199573105,0.8298086606243706,0.11396873424104892
