,overall,task_0,task_1,task_2,task_3,task_4
0,0.2113,0.9990543735224586,0.0,0.0,0.0,0.0
1,0.2,0.0,0.9794319294809011,0.0,0.0,0.0
2,0.1887,0.005200945626477541,0.007345739471106758,0.9930629669156884,0.0,0.0
3,0.2193,0.04018912529550828,0.012242899118511263,0.05656350053361793,0.9954682779456193,0.0
4,0.2001,0.0018912529550827422,0.0019588638589618022,0.0026680896478121665,0.029707955689828803,0.972768532526475
