,overall,task_0,task_1,task_2,task_3,task_4
0,0.2149,0.9981087470449173,0.014691478942213516,0.0,0.0030211480362537764,0.008068582955118508
1,0.4075,0.9862884160756501,0.9696376101860921,0.0,0.0015105740181268882,0.0010085728693898135
2,0.5384,0.984869976359338,0.8432908912830558,0.80042689434365,0.02366565961732125,0.03227433182047403
3,0.448,0.9702127659574468,0.5259549461312438,0.4375667022411953,0.2054380664652568,0.05597579425113464
4,0.7543,0.9200945626477541,0.7884427032321254,0.6520811099252934,0.6928499496475328,0.6913767019667171
