,overall,task_0,task_1,task_2,task_3,task_4
0,0.2112,0.9981087470449173,0.0,0.0,0.0,0.0
1,0.1974,0.0,0.9627815866797258,0.0,0.0,0.0
2,0.1834,0.0,0.0,0.987726787620064,0.0,0.0
3,0.1981,0.00047281323877068556,0.0014691478942213516,0.0080042689434365,0.9783484390735147,0.0
4,0.1924,0.008983451536643027,0.0019588638589618022,0.016008537886873,0.0005035246727089627,0.9339384770549672
