,overall,task_0,task_1,task_2,task_3,task_4
0,0.2195,0.9825059101654846,0.0014691478942213516,0.0016008537886872999,0.030211480362537766,0.025718608169440244
1,0.3348,0.9744680851063829,0.480411361410382,0.0,0.1510574018126888,0.0030257186081694403
2,0.3938,0.9442080378250591,0.21057786483839372,0.6755602988260405,0.07854984894259819,0.0448814926878467
3,0.4431,0.8387706855791962,0.013712047012732615,0.3852721451440768,0.9516616314199395,0.008572869389813415
4,0.4265,0.8482269503546099,0.015181194906953967,0.41728922091782283,0.7139979859013091,0.12102874432677761
