,overall,task_0,task_1,task_2,task_3,task_4
0,0.216,0.9985815602836879,0.015181194906953967,0.0005336179295624333,0.002014098690835851,0.010085728693898134
1,0.4085,0.984869976359338,0.9755142017629774,0.0010672358591248667,0.0,0.0045385779122541605
2,0.5297,0.9711583924349881,0.8667972575905974,0.7267876200640342,0.02416918429003021,0.026727181038830056
3,0.5245,0.9366430260047282,0.7747306562193927,0.28175026680896476,0.5090634441087614,0.07362581946545638
4,0.7169,0.9569739952718677,0.8300685602350637,0.7187833511205977,0.5896273917421954,0.47150781643973777
