,overall,task_0,task_1,task_2,task_3,task_4
0,0.2439,0.9952718676122931,0.01811949069539667,0.0384204909284952,0.05085599194360524,0.03731719616742309
1,0.2904,0.9891252955082742,0.24289911851126347,0.059231590181430094,0.05236656596173213,0.05345436207766011
2,0.3486,0.9815602836879432,0.1811949069539667,0.4466382070437567,0.0473313192346425,0.05042864346949067
3,0.4364,0.9791962174940898,0.16307541625857003,0.41889007470651013,0.5669687814702921,0.02924861321230459
4,0.4555,0.9664302600472813,0.16258570029382957,0.41302027748132336,0.4521651560926485,0.2642460917801311
