,overall,task_0,task_1,task_2,task_3,task_4
0,0.2114,0.9995271867612293,0.0,0.0,0.0,0.0
1,0.198,0.0,0.9696376101860921,0.0,0.0,0.0
2,0.1867,0.0,0.0,0.996264674493063,0.0,0.0
3,0.1977,0.0,0.0,0.0,0.9954682779456193,0.0
4,0.195,0.0,0.0,0.0,0.0,0.983358547655068
