,overall,task_0,task_1,task_2,task_3,task_4
0,0.2113,0.9990543735224586,0.0,0.0,0.0,0.0
1,0.2006,0.0,0.9823702252693438,0.0,0.0,0.0
2,0.1866,0.0,0.0,0.9957310565635006,0.0,0.0
3,0.1974,0.0,0.0,0.0,0.9939577039274925,0.0
4,0.1937,0.0,0.0,0.0,0.0,0.9768028240040343
