,overall,task_0,task_1,task_2,task_3,task_4
0,0.2113,0.9990543735224586,0.0,0.0,0.0,0.0
1,0.1962,0.0,0.9637610186092067,0.0,0.0,0.0
2,0.1849,0.0,0.0,0.9834578441835645,0.0,0.0
3,0.2006,0.006146572104018913,0.0014691478942213516,0.0064034151547491995,0.9939577039274925,0.0005042864346949068
4,0.1936,0.01276595744680851,0.002938295788442703,0.006937033084311633,0.0025176233635448137,0.9465456379223399
