,overall,task_0,task_1,task_2,task_3,task_4
0,0.2111,0.9981087470449173,0.0,0.0005336179295624333,0.0,0.0
1,0.4063,0.9933806146572104,0.965230166503428,0.0,0.0,0.0
2,0.5585,0.9839243498817967,0.8506366307541626,0.9466382070437567,0.0005035246727089627,0.0005042864346949068
3,0.7085,0.9479905437352246,0.8300685602350637,0.8030949839914621,0.9501510574018127,0.002017145738779627
4,0.7659,0.9352245862884161,0.767384916748286,0.6643543223052295,0.7648539778449144,0.6863338376197681
