,overall,task_0,task_1,task_2,task_3,task_4
0,0.2112,0.9985815602836879,0.0,0.0,0.0,0.0
1,0.1997,0.0,0.9779627815866797,0.0,0.0,0.0
2,0.1865,0.0,0.0,0.9951974386339381,0.0,0.0
3,0.1979,0.0,0.0,0.0,0.9964753272910373,0.0
4,0.1947,0.0,0.0,0.0,0.0,0.9818456883509834
