,overall,task_0,task_1,task_2,task_3,task_4
0,0.2476,0.9442080378250591,0.13418217433888344,0.014941302027748132,0.06545820745216516,0.03731719616742309
1,0.3404,0.9352245862884161,0.6155729676787464,0.0208110992529349,0.04783484390735146,0.028240040342914774
2,0.3475,0.6737588652482269,0.3325171400587659,0.6579509071504802,0.04179254783484391,0.024710035300050427
3,0.3999,0.51725768321513,0.19441723800195887,0.41728922091782283,0.8494461228600202,0.002017145738779627
4,0.4185,0.542789598108747,0.3388834476003918,0.28601921024546423,0.7170191339375629,0.1815431164901664
