,overall,task_0,task_1,task_2,task_3,task_4
0,0.2109,0.9981087470449173,0.0,0.0,0.0,0.0
1,0.1908,0.0,0.9333986287952988,0.0,0.0,0.0
2,0.1836,0.003309692671394799,0.0004897159647404506,0.9818569903948773,0.0,0.0
3,0.2043,0.004728132387706856,0.0009794319294809011,0.03255069370330843,0.9823766364551864,0.0
4,0.1798,0.005200945626477541,0.004897159647404506,0.0144076840981857,0.0015105740181268882,0.8870398386283409
