,overall,task_0,task_1,task_2,task_3,task_4
0,0.2345,0.9966903073286052,0.0940254652301665,0.0,0.0,0.0226928895612708
1,0.3087,0.9891252955082742,0.46131243878550443,0.012273212379935965,0.0,0.015128593040847202
2,0.3563,0.9929078014184397,0.4524975514201763,0.2497331910352188,0.0015105740181268882,0.03429147755925366
3,0.4844,0.9721040189125295,0.1762977473065622,0.2705442902881537,0.8821752265861027,0.08522440746343923
4,0.5559,0.9153664302600473,0.10528893241919686,0.5570971184631803,0.7683786505538771,0.42259203227433184
