,overall,task_0,task_1,task_2,task_3,task_4
0,0.2113,0.9995271867612293,0.0,0.0,0.0,0.0
1,0.1989,0.0,0.9764936336924583,0.0,0.0,0.0
2,0.1849,0.0009456264775413711,0.0,0.9797225186766275,0.0,0.0005042864346949068
3,0.1968,0.0,0.002448579823702253,0.0,0.9879154078549849,0.0
4,0.1907,0.005200945626477541,0.00832517140058766,0.013874066168623266,0.009566968781470292,0.940494200706001
