,overall,task_0,task_1,task_2,task_3,task_4
0,0.2114,0.9995271867612293,0.0,0.0,0.0,0.0
1,0.2007,0.0,0.9828599412340843,0.0,0.0,0.0
2,0.1867,0.0,0.0,0.996264674493063,0.0,0.0
3,0.1974,0.0,0.0,0.0,0.9939577039274925,0.0
4,0.192,0.0,0.0,0.0,0.0,0.9682299546142209
