,overall,task_0,task_1,task_2,task_3,task_4
0,0.2115,1.0,0.0,0.0,0.0,0.0
1,0.2213,0.09976359338061466,0.980411361410382,0.0,0.0,0.0
2,0.2151,0.11158392434988179,0.02497551420176298,0.9946638207043756,0.0,0.0
3,0.2239,0.055791962174940896,0.0068560235063663075,0.06937033084311633,0.9954682779456193,0.0
4,0.2,0.010401891252955082,0.002448579823702253,0.0032017075773745998,0.017623363544813697,0.9742813918305597
