,overall,task_0,task_1,task_2,task_3,task_4
0,0.2111,0.9985815602836879,0.0,0.0,0.0,0.0
1,0.1962,0.0,0.9642507345739472,0.0,0.0,0.0
2,0.1839,0.0,0.0,0.9818569903948773,0.0,0.0
3,0.1998,0.0009456264775413711,0.005876591576885406,0.0048025613660619,0.9899295065458208,0.0005042864346949068
4,0.1962,0.00047281323877068556,0.0034280117531831538,0.0016008537886872999,0.028700906344410877,0.9586485123550177
