,overall,task_0,task_1,task_2,task_3,task_4
0,0.211,0.9981087470449173,0.0,0.0,0.0,0.0
1,0.4068,0.9872340425531915,0.9711067580803134,0.0,0.0,0.0
2,0.5729,0.9858156028368794,0.9064642507345739,0.9530416221985059,0.0,0.0
3,0.7226,0.9687943262411347,0.8903036238981391,0.7993596584845251,0.9410876132930514,0.0
4,0.7915,0.9541371158392435,0.8339862879529872,0.6787620064034151,0.81067472306143,0.6888552697932425
