,overall,task_0,task_1,task_2,task_3,task_4
0,0.2113,0.9976359338061466,0.0,0.0,0.0,0.0
1,0.1969,0.008037825059101654,0.9618021547502449,0.0,0.0,0.0
2,0.2045,0.04680851063829787,0.04211557296767875,0.9845250800426895,0.0025176233635448137,0.0005042864346949068
3,0.2228,0.04018912529550828,0.030362389813907934,0.064034151547492,0.9853977844914401,0.0
4,0.231,0.09976359338061466,0.024485798237022526,0.019743863393810034,0.094662638469285,0.8981341401916288
