,overall,task_0,task_1,task_2,task_3,task_4
0,0.2365,0.9900709219858156,0.07296767874632713,0.018676627534685165,0.004531722054380665,0.04387291981845688
1,0.292,0.9739952718676123,0.4020568070519099,0.013340448239060833,0.0015105740181268882,0.019667170953101363
2,0.3249,0.8184397163120567,0.2531831537708129,0.4413020277481323,0.003524672708962739,0.05143721633888049
3,0.3936,0.5583924349881797,0.08961802154750245,0.31910352187833513,0.9274924471299094,0.038830055471507814
4,0.3658,0.4718676122931442,0.07149853085210578,0.15635005336179295,0.8373615307150051,0.3086232980332829
