,overall,task_0,task_1,task_2,task_3,task_4
0,0.2642,0.9763593380614657,0.06904995102840353,0.049626467449306294,0.12185297079556898,0.0448814926878467
1,0.3345,0.9730496453900709,0.3809990205680705,0.046424759871931696,0.1148036253776435,0.0827029752899647
2,0.3926,0.9465721040189126,0.4250734573947111,0.36926360725720386,0.13544813695871097,0.07110438729198185
3,0.4677,0.900709219858156,0.40450538687561216,0.30042689434364994,0.6324269889224572,0.04639435199193142
4,0.4839,0.8619385342789598,0.31047992164544563,0.3633938100320171,0.580563947633434,0.24558749369641958
