,overall,task_0,task_1,task_2,task_3,task_4
0,0.2114,0.9985815602836879,0.0,0.0,0.0,0.0
1,0.2037,0.01702127659574468,0.9676787463271302,0.0,0.0005035246727089627,0.0005042864346949068
2,0.2147,0.08321513002364066,0.05484818805093046,0.9733191035218783,0.0,0.0
3,0.2235,0.05484633569739953,0.02889324191968658,0.056029882604055496,0.9874118831822759,0.0
4,0.217,0.05106382978723404,0.023996082272282077,0.010672358591248666,0.0689828801611279,0.9339384770549672
