,overall,task_0,task_1,task_2,task_3,task_4
0,0.2107,0.9957446808510638,0.0,0.0,0.0,0.0
1,0.4084,0.9891252955082742,0.9745347698334965,0.0,0.0,0.0
2,0.5696,0.984869976359338,0.8805093046033301,0.9690501600853789,0.0,0.0
3,0.7237,0.9730496453900709,0.8751224289911851,0.847385272145144,0.9063444108761329,0.0015128593040847202
4,0.8194,0.9177304964539007,0.8359451518119491,0.6307363927427961,0.7875125881168177,0.8910741301059002
