,overall,task_0,task_1,task_2,task_3,task_4
0,0.2113,0.9990543735224586,0.0,0.0,0.0,0.0
1,0.1993,0.0014184397163120568,0.9745347698334965,0.0,0.0,0.0
2,0.1915,0.02269503546099291,0.0019588638589618022,0.9941302027748132,0.0,0.0
3,0.2096,0.018912529550827423,0.004407443682664055,0.0368196371398079,0.9959718026183283,0.0
4,0.2402,0.0591016548463357,0.004897159647404506,0.0021344717182497333,0.17220543806646527,0.9687342410489158
