,overall,task_0,task_1,task_2,task_3,task_4
0,0.2176,0.9971631205673759,0.012242899118511263,0.005336179295624333,0.0005035246727089627,0.01714573877962683
1,0.4061,0.9825059101654846,0.9711067580803134,0.0005336179295624333,0.0,0.0010085728693898135
2,0.5687,0.9801418439716312,0.8907933398628796,0.919957310565635,0.011077542799597181,0.016137165910237016
3,0.4779,0.9390070921985816,0.4730656219392752,0.6163287086446104,0.22608257804632426,0.10842158345940495
4,0.7688,0.9569739952718677,0.7820763956904995,0.7459978655282817,0.5669687814702921,0.7725668179525971
