,overall,task_0,task_1,task_2,task_3,task_4
0,0.2745,0.9782505910165484,0.07345739471106758,0.04215581643543223,0.2215508559919436,0.0035300050428643467
1,0.3532,0.9664302600472813,0.4951028403525955,0.04695837780149413,0.18277945619335348,0.013111447302067574
2,0.4319,0.873758865248227,0.5048971596474046,0.6382070437566703,0.12084592145015106,0.002017145738779627
3,0.5305,0.8312056737588652,0.3834476003917728,0.5181430096051227,0.9023162134944612,0.0005042864346949068
4,0.5273,0.7683215130023641,0.3129285014691479,0.5912486659551761,0.8474320241691843,0.10993444276348967
