,overall,task_0,task_1,task_2,task_3,task_4
0,0.2328,0.9957446808510638,0.029382957884427033,0.015474919957310566,0.07653575025176233,0.0005042864346949068
1,0.3118,0.9900709219858156,0.3780607247796278,0.006937033084311633,0.08962739174219536,0.028240040342914774
2,0.3645,0.8382978723404255,0.168462291870715,0.7705442902881536,0.023162134944612285,0.01664145234493192
3,0.4675,0.7219858156028369,0.059745347698334964,0.66008537886873,0.8887210473313192,0.012607160867372668
4,0.3702,0.4524822695035461,0.031341821743388835,0.3441835645677695,0.8121852970795569,0.23398890569843672
