,overall,task_0,task_1,task_2,task_3,task_4
0,0.2108,0.9990543735224586,0.0,0.0,0.0,0.0
1,0.1987,0.0,0.9720861900097943,0.0,0.0,0.0
2,0.1853,0.003309692671394799,0.0004897159647404506,0.9791889007470651,0.0,0.0
3,0.1981,0.0037825059101654845,0.0009794319294809011,0.0032017075773745998,0.9869083585095669,0.0
4,0.1919,0.00851063829787234,0.0068560235063663075,0.0048025613660619,0.012588116817724069,0.9344427634896622
