,overall,task_0,task_1,task_2,task_3,task_4
0,0.2115,0.9985815602836879,0.0,0.0,0.0,0.0
1,0.198,0.0,0.9622918707149853,0.0,0.0,0.0
2,0.1936,0.02884160756501182,0.011263467189030362,0.9802561366061899,0.0,0.0
3,0.2088,0.02884160756501182,0.004407443682664055,0.03575240128068303,0.9793554884189325,0.0
4,0.1869,0.005200945626477541,0.002448579823702253,0.012273212379935965,0.032225579053373615,0.8885526979324256
