,overall,task_0,task_1,task_2,task_3,task_4
0,0.2111,0.9966903073286052,0.0,0.0,0.0,0.0
1,0.198,0.0,0.9715964740450539,0.0,0.0,0.0
2,0.1829,0.0,0.0,0.9759871931696905,0.0005035246727089627,0.0
3,0.1974,0.002364066193853428,0.0009794319294809011,0.0,0.986404833836858,0.0005042864346949068
4,0.1947,0.013238770685579196,0.005876591576885406,0.0064034151547491995,0.005035246727089627,0.9415027735753908
