,overall,task_0,task_1,task_2,task_3,task_4
0,0.2112,0.9990543735224586,0.0,0.0,0.0,0.0
1,0.3181,0.5678486997635934,0.9637610186092067,0.0,0.0,0.0
2,0.2656,0.33947990543735224,0.059255631733594515,0.9781216648879403,0.0,0.0
3,0.2635,0.21513002364066194,0.047992164544564155,0.07417289220917823,0.9793554884189325,0.0005042864346949068
4,0.2412,0.17446808510638298,0.02595494613124388,0.0080042689434365,0.06797583081570997,0.9475542107917297
