,overall,task_0,task_1,task_2,task_3,task_4
0,0.2528,0.9602836879432625,0.011263467189030362,0.1910352187833511,0.01661631419939577,0.044377206253151794
1,0.3083,0.9243498817966903,0.21645445641527913,0.21398078975453574,0.05891238670694864,0.04790721129601614
2,0.3394,0.5635933806146572,0.1307541625857003,0.8762006403415155,0.08257804632426989,0.05799293998991427
3,0.3974,0.44113475177304967,0.06807051909892263,0.5090715048025614,0.9123867069486404,0.06101865859808371
4,0.3424,0.3508274231678487,0.06513222331047992,0.37086446104589116,0.7925478348439073,0.1427130610186586
