,overall,task_0,task_1,task_2,task_3,task_4
0,0.2398,0.9881796690307328,0.07688540646425074,0.010138740661686232,0.04632426988922457,0.020675743822491176
1,0.2958,0.9858156028368794,0.31047992164544563,0.01814300960512273,0.04078549848942598,0.05597579425113464
2,0.3616,0.9763593380614657,0.28158667972575907,0.387940234791889,0.06445115810674723,0.050932929904185575
3,0.4374,0.9754137115839243,0.2703232125367287,0.368196371398079,0.5080563947633434,0.049924357034795766
4,0.4478,0.9513002364066194,0.2198824681684623,0.31163287086446106,0.472809667673716,0.22138174483106404
