,overall,task_0,task_1,task_2,task_3,task_4
0,0.2229,0.9981087470449173,0.007835455435847209,0.03148345784418356,0.0030211480362537764,0.014624306606152295
1,0.4038,0.9777777777777777,0.965230166503428,0.0005336179295624333,0.0,0.0015128593040847202
2,0.5145,0.9716312056737588,0.8628795298726738,0.6237993596584845,0.03423967774420947,0.03328290468986384
3,0.3894,0.9352245862884161,0.46131243878550443,0.16061899679829242,0.16666666666666666,0.16137165910237014
4,0.7402,0.9546099290780142,0.8584720861900098,0.6558164354322306,0.7583081570996979,0.46999495713565304
