,overall,task_0,task_1,task_2,task_3,task_4
0,0.6375,0.29692671394799053,0.5029382957884427,0.5325506937033084,0.9073514602215509,0.9551185073121533
1,0.6442,0.3054373522458629,0.515181194906954,0.5426894343649946,0.9018126888217523,0.9531013615733737
2,0.6372,0.3021276595744681,0.49167482859941236,0.5352187833511206,0.904833836858006,0.9626828038325769
3,0.6466,0.3040189125295508,0.5102840352595495,0.53948772678762,0.9093655589123867,0.9591527987897126
4,0.641,0.2978723404255319,0.5210577864838394,0.5501600853788687,0.9008056394763343,0.9581442259203228
