,overall,task_0,task_1,task_2,task_3,task_4
0,0.6293,0.3153664302600473,0.45788442703232124,0.576307363927428,0.8726082578046325,0.9641956631366616
1,0.6319,0.3276595744680851,0.46180215475024483,0.575240128068303,0.87865055387714,0.9682299546142209
2,0.6333,0.33569739952718675,0.46474045053868757,0.5757737459978656,0.8801611278952669,0.9712556732223904
3,0.6324,0.3276595744680851,0.44613124387855047,0.5597652081109925,0.877139979859013,0.9641956631366616
4,0.6341,0.32387706855791965,0.4603330068560235,0.5757737459978656,0.879154078549849,0.9646999495713565
