,overall,task_0,task_1,task_2,task_3,task_4
0,0.6574,0.47423167848699765,0.4764936336924584,0.5005336179295624,0.8846928499496476,0.9641956631366616
1,0.6565,0.4695035460992908,0.48677766895200786,0.5053361792956244,0.8927492447129909,0.9626828038325769
2,0.6581,0.4690307328605201,0.49167482859941236,0.48612593383137676,0.8902316213494461,0.961674230963187
3,0.6487,0.4685579196217494,0.4755142017629775,0.5042689434364994,0.8947633434038268,0.9596570852244075
4,0.6609,0.47044917257683216,0.48824681684622917,0.49466382070437565,0.891742195367573,0.9601613716591024
