,overall,task_0,task_1,task_2,task_3,task_4
0,0.6582,0.3375886524822695,0.4951028403525955,0.5997865528281751,0.9138972809667674,0.9631870902672718
1,0.6557,0.3271867612293144,0.4828599412340842,0.6072572038420491,0.9133937562940584,0.961674230963187
2,0.6568,0.3252955082742317,0.4941234084231146,0.5933831376734259,0.9103726082578046,0.9657085224407463
3,0.66,0.34515366430260047,0.49559255631733595,0.5992529348986126,0.9083585095669687,0.9646999495713565
4,0.6538,0.33191489361702126,0.5034280117531832,0.5955176093916755,0.9068479355488419,0.9652042360060514
