,overall,task_0,task_1,task_2,task_3,task_4
0,0.6685,0.3111111111111111,0.5974534769833496,0.6008537886872999,0.9138972809667674,0.9515885022692889
1,0.6681,0.3054373522458629,0.5808031341821743,0.612059765208111,0.9138972809667674,0.9576399394856279
2,0.6675,0.31347517730496455,0.579333986287953,0.6109925293489862,0.918429003021148,0.961674230963187
3,0.6675,0.31347517730496455,0.5788442703232125,0.6109925293489862,0.9164149043303121,0.9646999495713565
4,0.6699,0.32009456264775416,0.5827619980411362,0.6072572038420491,0.9204431017119838,0.9601613716591024
