,overall,task_0,task_1,task_2,task_3,task_4
0,0.6142,0.31300236406619386,0.4020568070519099,0.5165421558164355,0.8912386706948641,0.9641956631366616
1,0.6164,0.3144208037825059,0.4240940254652302,0.5069370330843116,0.891742195367573,0.962178517397882
2,0.6166,0.32009456264775416,0.42311459353574926,0.5010672358591248,0.8887210473313192,0.9606656580937972
3,0.6128,0.3191489361702128,0.40646425073457393,0.5090715048025614,0.8882175226586103,0.9586485123550177
4,0.6238,0.33522458628841606,0.42605288932419194,0.5101387406616862,0.8811681772406847,0.9606656580937972
