,overall,task_0,task_1,task_2,task_3,task_4
0,0.6548,0.34609929078014184,0.49461312438785504,0.6029882604055496,0.9179254783484391,0.9606656580937972
1,0.6521,0.3574468085106383,0.4911851126346719,0.5907150480256137,0.904330312185297,0.957135653050933
2,0.6539,0.34893617021276596,0.49461312438785504,0.6061899679829242,0.9249748237663645,0.9586485123550177
3,0.6575,0.3546099290780142,0.4960822722820764,0.5997865528281751,0.9133937562940584,0.961674230963187
4,0.6542,0.34988179669030733,0.5034280117531832,0.6019210245464247,0.9149043303121853,0.957135653050933
