,overall,task_0,task_1,task_2,task_3,task_4
0,0.6467,0.31016548463356974,0.48726738491674826,0.5773745997865528,0.9068479355488419,0.957135653050933
1,0.6394,0.3148936170212766,0.49559255631733595,0.5688367129135539,0.9113796576032226,0.9581442259203228
2,0.6466,0.29976359338061465,0.5053868756121449,0.567769477054429,0.9038267875125882,0.9601613716591024
3,0.6404,0.3252955082742317,0.49657198824681686,0.5779082177161152,0.9133937562940584,0.9606656580937972
4,0.6431,0.3049645390070922,0.49069539666993145,0.5853788687299893,0.904330312185297,0.962178517397882
