,overall,task_0,task_1,task_2,task_3,task_4
0,0.6532,0.46335697399527187,0.4877571008814887,0.5032017075773746,0.8902316213494461,0.9536056480080686
1,0.6605,0.44728132387706854,0.4764936336924584,0.5032017075773746,0.8972809667673716,0.9505799293998991
2,0.6641,0.4619385342789598,0.4745347698334966,0.49466382070437565,0.8987915407854985,0.9586485123550177
3,0.6558,0.4491725768321513,0.4838393731635651,0.49092849519743864,0.9018126888217523,0.9591527987897126
4,0.6581,0.4562647754137116,0.4813907933398629,0.49306296691568835,0.9013091641490433,0.9687342410489158
