,overall,task_0,task_1,task_2,task_3,task_4
0,0.698,0.4491725768321513,0.5950048971596474,0.6163287086446104,0.9179254783484391,0.9586485123550177
1,0.6983,0.44728132387706854,0.5974534769833496,0.6254002134471718,0.9164149043303121,0.9455370650529501
2,0.7008,0.4562647754137116,0.5925563173359452,0.6067235859124867,0.9199395770392749,0.9561270801815431
3,0.702,0.4491725768321513,0.5935357492654261,0.5997865528281751,0.9138972809667674,0.956631366616238
4,0.6964,0.42836879432624114,0.5920666013712047,0.6200640341515475,0.9103726082578046,0.9500756429652042
