,accuracy,f1,precision,recall,model
0,0.1096,0.04608379857947987,0.11107679231223748,0.05997654817193032,model_ADAM_65
1,0.2033,0.09241966572741189,0.20555465651980195,0.3648848652626265,model_ADAM_LT_65
2,0.1016,0.05749500858122005,0.10005284988476107,0.07184946531027514,model_SGD_65
