,overall,task_0,task_1,task_2,task_3,task_4
0,0.2111,0.9976359338061466,0.0,0.0,0.0005035246727089627,0.0
1,0.122,0.09881796690307329,0.4951028403525955,0.0,0.0,0.0
2,0.0995,0.005673758865248227,0.0,0.5245464247598719,0.0,0.0
3,0.1543,0.004728132387706856,0.0,0.0,0.7719033232628398,0.0
4,0.0992,0.004728132387706856,0.0,0.0,0.003524672708962739,0.491679273827534
