,overall,task_0,task_1,task_2,task_3,task_4
0,0.2105,0.9938534278959811,0.0,0.0,0.0,0.0
1,0.1986,0.0028368794326241137,0.9740450538687562,0.0,0.0010070493454179255,0.002017145738779627
2,0.1874,0.0037825059101654845,0.012732615083251714,0.9834578441835645,0.0,0.0
3,0.2064,0.002364066193853428,0.007835455435847209,0.032017075773746,0.9874118831822759,0.0
4,0.2003,0.048699763593380616,0.012242899118511263,0.035218783351120594,0.030715005035246726,0.8688855269793243
