,overall,task_0,task_1,task_2,task_3,task_4
0,0.0838,0.009456264775413711,0.20763956904995104,0.0672358591248666,0.016112789526686808,0.11901159858799798
1,0.0838,0.009456264775413711,0.20763956904995104,0.0672358591248666,0.016112789526686808,0.11901159858799798
2,0.0838,0.009456264775413711,0.20763956904995104,0.0672358591248666,0.016112789526686808,0.11901159858799798
3,0.0838,0.009456264775413711,0.20763956904995104,0.0672358591248666,0.016112789526686808,0.11901159858799798
4,0.0838,0.009456264775413711,0.20763956904995104,0.0672358591248666,0.016112789526686808,0.11901159858799798
