,overall,task_0,task_1,task_2,task_3,task_4
0,0.0912,0.05531914893617021,0.047502448579823706,0.09178228388473852,0.18680765357502518,0.054967221381744834
1,0.0954,0.050591016548463354,0.06072477962781587,0.1008537886872999,0.18429003021148035,0.06101865859808371
2,0.0863,0.04397163120567376,0.061704211557296766,0.09445037353255069,0.18277945619335348,0.06505295007564296
3,0.0914,0.0458628841607565,0.06268364348677767,0.1008537886872999,0.18479355488418933,0.059001512859304085
4,0.0941,0.05862884160756501,0.062193927522037215,0.10672358591248667,0.18277945619335348,0.06404437720625315
