,overall,task_0,task_1,task_2,task_3,task_4
0,0.0885,0.07328605200945626,0.007835455435847209,0.057097118463180364,0.10926485397784491,0.2254160363086233
1,0.0872,0.07470449172576832,0.012732615083251714,0.05549626467449306,0.12084592145015106,0.20474029248613212
2,0.0967,0.07186761229314421,0.009794319294809012,0.05656350053361793,0.09617321248741188,0.19717599596570853
3,0.0974,0.09078014184397164,0.011753183153770812,0.06776947705442903,0.11883182275931521,0.20827029752899648
4,0.0979,0.08085106382978724,0.011263467189030362,0.05976520811099253,0.1163141993957704,0.2118003025718608
