,overall,task_0,task_1,task_2,task_3,task_4
0,0.2023,0.9560283687943263,0.0,0.0,0.0,0.0005042864346949068
1,0.1228,0.10307328605200945,0.49461312438785504,0.0,0.0,0.0
2,0.1081,0.04728132387706856,0.0,0.5234791889007471,0.0,0.0
3,0.1118,0.03829787234042553,0.0,0.0,0.5221550855991943,0.0
4,0.1052,0.03546099290780142,0.0,0.0,0.0025176233635448137,0.49016641452344933
