,overall,task_0,task_1,task_2,task_3,task_4
0,0.2115,0.9981087470449173,0.0,0.0,0.0,0.0
1,0.1985,0.002364066193853428,0.9618021547502449,0.0005336179295624333,0.0,0.0
2,0.1937,0.0028368794326241137,0.04064642507345739,0.9829242262540021,0.0010070493454179255,0.0
3,0.2012,0.002364066193853428,0.0009794319294809011,0.018676627534685165,0.9889224572004028,0.0
4,0.1839,0.003309692671394799,0.005876591576885406,0.012806830309498399,0.028700906344410877,0.8688855269793243
