,overall,task_0,task_1,task_2,task_3,task_4
0,0.107,0.050591016548463354,0.2742409402546523,0.037886872998932765,0.07200402819738168,0.10085728693898134
1,0.1068,0.05342789598108747,0.26346718903036237,0.037886872998932765,0.07200402819738168,0.08825012607160868
2,0.106,0.048699763593380616,0.2605288932419197,0.03575240128068303,0.07955689828801611,0.08673726676752395
3,0.1034,0.0524822695035461,0.2580803134182174,0.03628601921024546,0.07301107754279959,0.09732728189611699
4,0.1029,0.06004728132387707,0.272771792360431,0.033084311632870865,0.06545820745216516,0.0897629853756934
