,overall,task_0,task_1,task_2,task_3,task_4
0,0.2114,0.9985815602836879,0.0,0.0,0.0,0.0
1,0.1995,0.002364066193853428,0.9774730656219393,0.0,0.0,0.0
2,0.1926,0.018439716312056736,0.03379040156709109,0.9866595517609391,0.0,0.0
3,0.2076,0.009929078014184398,0.004407443682664055,0.0528281750266809,0.9899295065458208,0.0
4,0.2032,0.01607565011820331,0.010773751224289911,0.0240128068303095,0.10322255790533737,0.8744326777609682
