,overall,task_0,task_1,task_2,task_3,task_4
0,0.2108,0.9971631205673759,0.0,0.0,0.0,0.0
1,0.4064,0.9839243498817967,0.9715964740450539,0.0,0.0,0.0
2,0.5632,0.9716312056737588,0.8579823702252694,0.9413020277481323,0.007049345417925478,0.0005042864346949068
3,0.7105,0.9446808510638298,0.8746327130264446,0.8089647812166488,0.8851963746223565,0.006051437216338881
4,0.8061,0.9460992907801419,0.8330068560235063,0.756136606189968,0.8524672708962739,0.6313666162380231
