,overall,task_0,task_1,task_2,task_3,task_4
0,0.183,0.8699763593380615,0.0,0.0,0.0,0.0
1,0.1019,0.0037825059101654845,0.4951028403525955,0.0,0.0,0.0
2,0.0991,0.004728132387706856,0.0,0.5234791889007471,0.0,0.0
3,0.1029,0.0009456264775413711,0.0,0.0,0.5166163141993958,0.0
4,0.0976,0.0018912529550827422,0.0,0.0,0.0,0.49117498739283916
