,overall,task_0,task_1,task_2,task_3,task_4
0,0.2181,0.9966903073286052,0.017140058765915768,0.0048025613660619,0.010574018126888218,0.0035300050428643467
1,0.4066,0.983451536643026,0.9745347698334965,0.0010672358591248667,0.0015105740181268882,0.0
2,0.5729,0.9801418439716312,0.8927522037218414,0.928495197438634,0.010070493454179255,0.02924861321230459
3,0.4822,0.9536643026004729,0.7081292850146915,0.211846318036286,0.3257804632426989,0.13867876954109934
4,0.7607,0.9640661938534278,0.8589618021547503,0.8052294557097118,0.7311178247734139,0.43923348461926376
