,overall,task_0,task_1,task_2,task_3,task_4
0,0.0918,0.006619385342789598,0.26003917727717923,0.07737459978655283,0.1067472306143001,0.008068582955118508
1,0.0918,0.006619385342789598,0.26003917727717923,0.07737459978655283,0.1067472306143001,0.008068582955118508
2,0.0918,0.006619385342789598,0.26003917727717923,0.07737459978655283,0.1067472306143001,0.008068582955118508
3,0.0918,0.006619385342789598,0.26003917727717923,0.07737459978655283,0.1067472306143001,0.008068582955118508
4,0.0918,0.006619385342789598,0.26003917727717923,0.07737459978655283,0.1067472306143001,0.008068582955118508
