,overall,task_0,task_1,task_2,task_3,task_4
0,0.2112,0.9985815602836879,0.0004897159647404506,0.0,0.0,0.0
1,0.2017,0.015130023640661938,0.9676787463271302,0.0010672358591248667,0.0,0.0
2,0.1891,0.0014184397163120568,0.03868756121449559,0.9743863393810032,0.0,0.0
3,0.2049,0.013711583924349883,0.0019588638589618022,0.027214514407684097,0.9874118831822759,0.0
4,0.1636,0.03404255319148936,0.014691478942213516,0.0240128068303095,0.012588116817724069,0.735249621785174
