,overall,task_0,task_1,task_2,task_3,task_4
0,0.2109,0.9971631205673759,0.0,0.0,0.0,0.0
1,0.1984,0.005200945626477541,0.9642507345739472,0.0,0.0,0.0
2,0.1884,0.0028368794326241137,0.024485798237022526,0.9738527214514408,0.0,0.0
3,0.2059,0.018439716312056736,0.015670910871694418,0.032017075773746,0.9833836858006042,0.0
4,0.1966,0.046335697399527184,0.030852105778648383,0.013340448239060833,0.06394763343403827,0.8199697428139183
