,overall,task_0,task_1,task_2,task_3,task_4
0,0.2115,0.9990543735224586,0.0,0.0,0.0,0.0
1,0.1996,0.01276595744680851,0.9686581782566112,0.0,0.0,0.0
2,0.1939,0.006619385342789598,0.047502448579823706,0.9743863393810032,0.0005035246727089627,0.0
3,0.2013,0.00047281323877068556,0.0019588638589618022,0.01814300960512273,0.9914400805639476,0.0
4,0.1951,0.023167848699763592,0.022037218413320275,0.020277481323372464,0.01812688821752266,0.8900655572365104
