,overall,task_0,task_1,task_2,task_3,task_4
0,0.2105,0.9966903073286052,0.0,0.0,0.0,0.0
1,0.1956,0.005673758865248227,0.9598432908912831,0.0,0.0,0.0010085728693898135
2,0.1896,0.0018912529550827422,0.022037218413320275,0.9807897545357525,0.003524672708962739,0.0
3,0.2062,0.0009456264775413711,0.002938295788442703,0.048025613660619,0.9899295065458208,0.0
4,0.1904,0.014657210401891253,0.004897159647404506,0.017075773745997867,0.059415911379657606,0.8764498234997479
