,overall,task_0,task_1,task_2,task_3,task_4
0,0.211,0.9971631205673759,0.0,0.0,0.0,0.0
1,0.1989,0.0014184397163120568,0.965230166503428,0.0,0.0,0.0
2,0.1919,0.002364066193853428,0.034280117531831536,0.9887940234791889,0.0,0.0
3,0.2065,0.003309692671394799,0.0053868756121449556,0.0384204909284952,0.9879154078549849,0.0
4,0.2036,0.006146572104018913,0.013712047012732615,0.03148345784418356,0.06294058408862034,0.9056984367120524
