,overall,task_0,task_1,task_2,task_3,task_4
0,0.1109,0.20189125295508276,0.04064642507345739,0.06456776947705443,0.004028197381671702,0.23701462430660616
1,0.1109,0.20189125295508276,0.04064642507345739,0.06456776947705443,0.004028197381671702,0.23701462430660616
2,0.1109,0.20189125295508276,0.04064642507345739,0.06456776947705443,0.004028197381671702,0.23701462430660616
3,0.1109,0.20189125295508276,0.04064642507345739,0.06456776947705443,0.004028197381671702,0.23701462430660616
4,0.1109,0.20189125295508276,0.04064642507345739,0.06456776947705443,0.004028197381671702,0.23701462430660616
