,overall,task_0,task_1,task_2,task_3,task_4
0,0.1626,0.7697399527186761,0.0,0.0,0.0,0.0005042864346949068
1,0.101,0.0009456264775413711,0.49461312438785504,0.0,0.0,0.0
2,0.098,0.0,0.0,0.5229455709711847,0.0,0.0
3,0.1468,0.0,0.0,0.0,0.7457200402819738,0.0
4,0.0974,0.0,0.0,0.0,0.0,0.49117498739283916
