,overall,task_0,task_1,task_2,task_3,task_4
0,0.2114,0.9990543735224586,0.0,0.0,0.0,0.0
1,0.4059,0.9853427895981087,0.9720861900097943,0.0,0.0,0.0
2,0.5702,0.9872340425531915,0.915279138099902,0.927427961579509,0.0025176233635448137,0.0
3,0.7193,0.966903073286052,0.8829578844270323,0.8308431163287087,0.8841893252769386,0.0035300050428643467
4,0.7699,0.9621749408983451,0.8153770812928501,0.7833511205976521,0.8423967774420946,0.41250630358043366
