,overall,task_0,task_1,task_2,task_3,task_4
0,0.0863,0.0,0.004897159647404506,0.012273212379935965,0.4164149043303122,0.0015128593040847202
1,0.0863,0.0,0.004897159647404506,0.012273212379935965,0.4164149043303122,0.0015128593040847202
2,0.0863,0.0,0.004897159647404506,0.012273212379935965,0.4164149043303122,0.0015128593040847202
3,0.0863,0.0,0.004897159647404506,0.012273212379935965,0.4164149043303122,0.0015128593040847202
4,0.0863,0.0,0.004897159647404506,0.012273212379935965,0.4164149043303122,0.0015128593040847202
