,overall,task_0,task_1,task_2,task_3,task_4
0,0.0929,0.016548463356973995,0.03525954946131244,0.13500533617929564,0.11581067472306143,0.17095310136157338
1,0.0929,0.016548463356973995,0.03525954946131244,0.13500533617929564,0.11581067472306143,0.17095310136157338
2,0.0929,0.016548463356973995,0.03525954946131244,0.13500533617929564,0.11581067472306143,0.17095310136157338
3,0.0929,0.016548463356973995,0.03525954946131244,0.13500533617929564,0.11581067472306143,0.17095310136157338
4,0.0929,0.016548463356973995,0.03525954946131244,0.13500533617929564,0.11581067472306143,0.17095310136157338
