,overall,task_0,task_1,task_2,task_3,task_4
0,0.0822,0.0591016548463357,0.08374142997061704,0.1824973319103522,0.051863041289023165,0.049924357034795766
1,0.0851,0.0591016548463357,0.089128305582762,0.18836712913553896,0.05991943605236657,0.049924357034795766
2,0.0842,0.059574468085106386,0.098922624877571,0.18036286019210246,0.050352467270896276,0.0529500756429652
3,0.089,0.057210401891252954,0.0930460333006856,0.18996798292422626,0.0473313192346425,0.052445789208270296
4,0.0851,0.0591016548463357,0.0969637610186092,0.17662753468516543,0.0513595166163142,0.048411497730711045
