,overall,task_0,task_1,task_2,task_3,task_4
0,0.0981,0.11773049645390071,0.10333006856023506,0.10672358591248667,0.15357502517623364,0.02924861321230459
1,0.0983,0.11442080378250591,0.10137120470127327,0.10458911419423693,0.14551863041289023,0.026222894604135148
2,0.0983,0.11252955082742316,0.10430950048971596,0.10992529348986126,0.15508559919436052,0.02168431669188099
3,0.1023,0.12293144208037825,0.0901077375122429,0.10725720384204909,0.1419939577039275,0.024205748865355523
4,0.098,0.1111111111111111,0.09647404505386875,0.1056563500533618,0.15861027190332327,0.026222894604135148
