,overall,task_0,task_1,task_2,task_3,task_4
0,0.2108,0.9971631205673759,0.0,0.0,0.0,0.0
1,0.1995,0.006146572104018913,0.9622918707149853,0.0,0.0010070493454179255,0.0035300050428643467
2,0.1864,0.004728132387706856,0.034769833496571985,0.9562433297758804,0.0,0.0
3,0.2017,0.0028368794326241137,0.0019588638589618022,0.0192102454642476,0.9798590130916415,0.0
4,0.1604,0.002364066193853428,0.0053868756121449556,0.0144076840981857,0.04934541792547835,0.7413010590015129
