,overall,task_0,task_1,task_2,task_3,task_4
0,0.181,0.8557919621749409,0.0,0.0,0.0,0.0
1,0.1047,0.017494089834515367,0.49461312438785504,0.0,0.0,0.0
2,0.1016,0.016548463356973995,0.0,0.5234791889007471,0.0,0.0
3,0.1056,0.01276595744680851,0.0,0.0005336179295624333,0.5176233635448136,0.0
4,0.0999,0.011347517730496455,0.0,0.0005336179295624333,0.0,0.49117498739283916
