,overall,task_0,task_1,task_2,task_3,task_4
0,0.2111,0.9952718676122931,0.0,0.0,0.0,0.0
1,0.1976,0.0070921985815602835,0.9598432908912831,0.0,0.0,0.0
2,0.203,0.02269503546099291,0.09255631733594515,0.9759871931696905,0.0,0.0
3,0.1993,0.0009456264775413711,0.004897159647404506,0.016542155816435433,0.9889224572004028,0.0
4,0.1609,0.017966903073286054,0.01762977473065622,0.011739594450373533,0.052870090634441085,0.6938981341401916
