,overall,task_0,task_1,task_2,task_3,task_4
0,0.1018,0.1862884160756501,0.08276199804113614,0.09498399146211313,0.035246727089627394,0.07261724659606657
1,0.0965,0.17872340425531916,0.08619000979431929,0.10512273212379936,0.03927492447129909,0.07362581946545638
2,0.1008,0.18014184397163122,0.089128305582762,0.09871931696905016,0.03726082578046324,0.07917297024710035
3,0.0981,0.15839243498817968,0.098922624877571,0.10032017075773746,0.03927492447129909,0.07564296520423601
4,0.093,0.1607565011820331,0.08765915768854064,0.11366061899679829,0.04028197381671702,0.07362581946545638
