,overall,task_0,task_1,task_2,task_3,task_4
0,0.0975,0.17257683215130024,0.14887365328109697,0.0768409818569904,0.012084592145015106,0.06908724155320221
1,0.0932,0.15886524822695036,0.15377081292850148,0.07470651013874066,0.011581067472306143,0.0670700958144226
2,0.0957,0.15602836879432624,0.14887365328109697,0.0784418356456777,0.015105740181268883,0.07211296016137166
3,0.0946,0.1574468085106383,0.16013712047012732,0.0720384204909285,0.014098690835850957,0.07816439737771054
4,0.0936,0.16453900709219857,0.15523996082272282,0.08217716115261472,0.011581067472306143,0.06908724155320221
