,overall,task_0,task_1,task_2,task_3,task_4
0,0.2098,0.9905437352245863,0.002448579823702253,0.0,0.0,0.0
1,0.2007,0.0070921985815602835,0.9696376101860921,0.0005336179295624333,0.0015105740181268882,0.0015128593040847202
2,0.1832,0.0009456264775413711,0.01762977473065622,0.9685165421558164,0.0,0.0
3,0.2032,0.0037825059101654845,0.002938295788442703,0.033084311632870865,0.9853977844914401,0.0
4,0.1917,0.00425531914893617,0.0053868756121449556,0.017075773745997867,0.06092648539778449,0.875441250630358
