,overall,task_0,task_1,task_2,task_3,task_4
0,0.1502,0.15886524822695036,0.031341821743388835,0.003735325506937033,0.08358509566968782,0.46848209783156836
1,0.1502,0.15886524822695036,0.031341821743388835,0.003735325506937033,0.08358509566968782,0.46848209783156836
2,0.1502,0.15886524822695036,0.031341821743388835,0.003735325506937033,0.08358509566968782,0.46848209783156836
3,0.1502,0.15886524822695036,0.031341821743388835,0.003735325506937033,0.08358509566968782,0.46848209783156836
4,0.1502,0.15886524822695036,0.031341821743388835,0.003735325506937033,0.08358509566968782,0.46848209783156836
