,overall,task_0,task_1,task_2,task_3,task_4
0,0.2106,0.9933806146572104,0.0,0.0,0.0,0.0005042864346949068
1,0.1962,0.006619385342789598,0.9520078354554359,0.0,0.0,0.0
2,0.1918,0.0009456264775413711,0.04505386875612145,0.9823906083244397,0.0015105740181268882,0.0
3,0.2182,0.0014184397163120568,0.004407443682664055,0.12273212379935966,0.9904330312185297,0.0
4,0.1874,0.004728132387706856,0.004407443682664055,0.033084311632870865,0.03726082578046324,0.8613212304589006
