,overall,task_0,task_1,task_2,task_3,task_4
0,0.0912,0.3276595744680851,0.023016650342801176,0.06296691568836713,0.025176233635448138,0.002017145738779627
1,0.0912,0.3276595744680851,0.023016650342801176,0.06296691568836713,0.025176233635448138,0.002017145738779627
2,0.0912,0.3276595744680851,0.023016650342801176,0.06296691568836713,0.025176233635448138,0.002017145738779627
3,0.0912,0.3276595744680851,0.023016650342801176,0.06296691568836713,0.025176233635448138,0.002017145738779627
4,0.0912,0.3276595744680851,0.023016650342801176,0.06296691568836713,0.025176233635448138,0.002017145738779627
