,overall,task_0,task_1,task_2,task_3,task_4
0,0.2186,0.9976359338061466,0.007345739471106758,0.005336179295624333,0.002014098690835851,0.014120020171457387
1,0.4062,0.9839243498817967,0.975024485798237,0.0016008537886872999,0.0,0.0005042864346949068
2,0.5634,0.9796690307328605,0.8780607247796278,0.9012806830309499,0.010070493454179255,0.03731719616742309
3,0.4461,0.9470449172576832,0.47355533790401566,0.44823906083244397,0.1500503524672709,0.1588502269288956
4,0.7946,0.9465721040189126,0.8521057786483839,0.8335112059765208,0.796576032225579,0.5269793242561776
