,overall,task_0,task_1,task_2,task_3,task_4
0,0.2228,0.9985815602836879,0.022526934378060724,0.0026680896478121665,0.004531722054380665,0.015128593040847202
1,0.4052,0.9839243498817967,0.9632713026444663,0.0021344717182497333,0.0010070493454179255,0.0025214321734745334
2,0.4692,0.9754137115839243,0.6714005876591577,0.5090715048025614,0.09063444108761329,0.05547150781643974
3,0.3293,0.9536643026004729,0.23702252693437806,0.051227321237993596,0.15055387713997986,0.16792738275340394
4,0.755,0.9475177304964539,0.8398628795298727,0.7049092849519744,0.783484390735146,0.4493192133131619
