,overall,task_0,task_1,task_2,task_3,task_4
0,0.216,0.9995271867612293,0.0053868756121449556,0.006937033084311633,0.015105740181268883,0.0005042864346949068
1,0.4083,0.9872340425531915,0.9735553379040157,0.0026680896478121665,0.0005035246727089627,0.0005042864346949068
2,0.4873,0.9678486997635933,0.6523016650342801,0.7161152614727855,0.04984894259818731,0.030257186081694403
3,0.4054,0.926241134751773,0.3476983349657199,0.14354322305229456,0.42749244712990936,0.14523449319213314
4,0.7414,0.9380614657210402,0.8031341821743389,0.7870864461045891,0.7860020140986909,0.383761976802824
