,overall,task_0,task_1,task_2,task_3,task_4
0,0.1091,0.13380614657210402,0.009794319294809012,0.020277481323372464,0.002014098690835851,0.3761976802824004
1,0.1091,0.13380614657210402,0.009794319294809012,0.020277481323372464,0.002014098690835851,0.3761976802824004
2,0.1091,0.13380614657210402,0.009794319294809012,0.020277481323372464,0.002014098690835851,0.3761976802824004
3,0.1091,0.13380614657210402,0.009794319294809012,0.020277481323372464,0.002014098690835851,0.3761976802824004
4,0.1091,0.13380614657210402,0.009794319294809012,0.020277481323372464,0.002014098690835851,0.3761976802824004
