,overall,task_0,task_1,task_2,task_3,task_4
0,0.0854,0.01938534278959811,0.09990205680705191,0.12593383137673425,0.11581067472306143,0.08724155320221887
1,0.0834,0.01607565011820331,0.10381978452497552,0.11259338313767342,0.11278952668680765,0.08219868885526979
2,0.0812,0.015130023640661938,0.10577864838393732,0.10618996798292422,0.12437059415911379,0.07967725668179526
3,0.0845,0.02269503546099291,0.12340842311459353,0.11579509071504802,0.10825780463242698,0.07413010590015129
4,0.0844,0.02033096926713948,0.10969637610186092,0.11419423692636073,0.11832829808660625,0.07463439233484619
