,overall,task_0,task_1,task_2,task_3,task_4
0,0.2111,0.9952718676122931,0.0,0.0,0.0,0.0
1,0.1936,0.0014184397163120568,0.9407443682664055,0.0,0.0,0.0
2,0.1778,0.009929078014184398,0.015670910871694418,0.9204909284951974,0.0010070493454179255,0.0
3,0.2175,0.017494089834515367,0.002448579823702253,0.07897545357524013,0.9793554884189325,0.0
4,0.2019,0.04822695035460993,0.009794319294809012,0.046424759871931696,0.04582074521651561,0.854261220373172
