,overall,task_0,task_1,task_2,task_3,task_4
0,0.2114,0.9985815602836879,0.0,0.0,0.0015105740181268882,0.0
1,0.1994,0.005673758865248227,0.970617042115573,0.0,0.0,0.0
2,0.1879,0.006146572104018913,0.01665034280117532,0.9770544290288153,0.0,0.0
3,0.2168,0.0018912529550827422,0.0019588638589618022,0.1008537886872999,0.9859013091641491,0.0
4,0.182,0.01182033096926714,0.01028403525954946,0.011205976520811099,0.017623363544813697,0.8522440746343923
