,overall,task_0,task_1,task_2,task_3,task_4
0,0.2209,0.9966903073286052,0.031831537708129284,0.0016008537886872999,0.00906344410876133,0.0015128593040847202
1,0.4082,0.9895981087470449,0.9642507345739472,0.0005336179295624333,0.0,0.0005042864346949068
2,0.4921,0.9721040189125295,0.786973555337904,0.6104589114194237,0.016112789526686808,0.03983862834089763
3,0.4407,0.8633569739952719,0.44809010773751223,0.15581643543223053,0.4808660624370594,0.20524457892082704
4,0.6959,0.9621749408983451,0.8183153770812929,0.695837780149413,0.432527693856999,0.5390821986888553
