,overall,task_0,task_1,task_2,task_3,task_4
0,0.1729,0.7995271867612294,0.0,0.0,0.0,0.0
1,0.1142,0.06193853427895981,0.49461312438785504,0.0,0.0,0.0
2,0.0993,0.0037825059101654845,0.0,0.5234791889007471,0.0,0.0
3,0.1037,0.00425531914893617,0.0,0.0,0.5181268882175226,0.0
4,0.0989,0.004728132387706856,0.0,0.0,0.0,0.49117498739283916
