,overall,task_0,task_1,task_2,task_3,task_4
0,0.2112,0.9985815602836879,0.0,0.0,0.0,0.0
1,0.4062,0.9914893617021276,0.9676787463271302,0.0010672358591248667,0.0,0.0
2,0.5718,0.9825059101654846,0.9064642507345739,0.9583778014941302,0.0,0.0
3,0.727,0.9673758865248226,0.8633692458374143,0.8420490928495198,0.9279959718026183,0.0025214321734745334
4,0.8146,0.9621749408983451,0.856513222331048,0.8148345784418356,0.8383685800604229,0.5955622793746849
