,overall,task_0,task_1,task_2,task_3,task_4
0,0.098,0.044444444444444446,0.024485798237022526,0.3121664887940235,0.10372608257804633,0.01361573373676248
1,0.0923,0.048699763593380616,0.02889324191968658,0.3046958377801494,0.09768378650553877,0.01361573373676248
2,0.0936,0.04397163120567376,0.02693437806072478,0.31856990394877266,0.09919436052366566,0.013111447302067574
3,0.0936,0.04018912529550828,0.023996082272282077,0.3121664887940235,0.10120845921450151,0.018154311649016642
4,0.0932,0.03971631205673759,0.014691478942213516,0.32283884738527213,0.09818731117824774,0.012607160867372668
