,overall,task_0,task_1,task_2,task_3,task_4
0,0.105,0.03877068557919622,0.024485798237022526,0.1344717182497332,0.0075528700906344415,0.3202218860312658
1,0.1032,0.039243498817966904,0.022037218413320275,0.12219850586979722,0.01460221550855992,0.32173474533535046
2,0.1025,0.03877068557919622,0.022526934378060724,0.13127001067235858,0.00906344410876133,0.32123045890065555
3,0.1017,0.033569739952718676,0.023996082272282077,0.11899679829242263,0.009566968781470292,0.3202218860312658
4,0.1013,0.04302600472813239,0.021057786483839373,0.13233724653148346,0.008056394763343404,0.3005547150781644
