,overall,task_0,task_1,task_2,task_3,task_4
0,0.2113,0.9990543735224586,0.0,0.0,0.0,0.0
1,0.1965,0.003309692671394799,0.9524975514201763,0.0,0.0,0.0005042864346949068
2,0.1965,0.023167848699763592,0.04505386875612145,0.9685165421558164,0.0,0.0
3,0.217,0.002364066193853428,0.007345739471106758,0.10405549626467449,0.9808660624370594,0.0
4,0.1915,0.018912529550827423,0.01811949069539667,0.0384204909284952,0.06545820745216516,0.83761976802824
