,overall,task_0,task_1,task_2,task_3,task_4
0,0.2109,0.9981087470449173,0.0,0.0,0.0,0.0
1,0.1958,0.00425531914893617,0.9466209598432909,0.0,0.0,0.0
2,0.1873,0.01276595744680851,0.030362389813907934,0.96051227321238,0.0,0.0
3,0.2055,0.00425531914893617,0.004407443682664055,0.03948772678762007,0.9848942598187311,0.0
4,0.1894,0.02269503546099291,0.0068560235063663075,0.017075773745997867,0.04229607250755287,0.8693898134140191
