,overall,task_0,task_1,task_2,task_3,task_4
0,0.2072,0.9796690307328605,0.0,0.0,0.0,0.0
1,0.1247,0.11158392434988179,0.4951028403525955,0.0,0.0,0.0
2,0.1182,0.09456264775413711,0.0,0.5240128068303095,0.0,0.0
3,0.1056,0.01276595744680851,0.0,0.0,0.5181268882175226,0.0
4,0.1001,0.01276595744680851,0.0,0.0,0.0,0.49117498739283916
