,overall,task_0,task_1,task_2,task_3,task_4
0,0.103,0.029314420803782507,0.1474045053868756,0.09498399146211313,0.17220543806646527,0.08875441250630359
1,0.1031,0.03215130023640662,0.1493633692458374,0.07630736392742796,0.1691842900302115,0.09127584467977812
2,0.109,0.031205673758865248,0.15279138099902057,0.08217716115261472,0.18982880161127896,0.08472012102874432
3,0.1029,0.03640661938534279,0.14789422135161606,0.08004268943436499,0.175730110775428,0.09379727685325265
4,0.1063,0.03829787234042553,0.15377081292850148,0.09871931696905016,0.1555891238670695,0.07362581946545638
