,overall,task_0,task_1,task_2,task_3,task_4
0,0.2115,0.9971631205673759,0.0,0.0,0.0,0.0
1,0.1948,0.004728132387706856,0.951028403525955,0.0,0.0,0.0
2,0.1845,0.0009456264775413711,0.0004897159647404506,0.9797225186766275,0.0,0.0
3,0.2061,0.00047281323877068556,0.0039177277179236044,0.042689434364994665,0.9914400805639476,0.0
4,0.2148,0.03404255319148936,0.002938295788442703,0.09818569903948772,0.04582074521651561,0.8870398386283409
