,overall,task_0,task_1,task_2,task_3,task_4
0,0.1191,0.091725768321513,0.13614103819784526,0.12326574172892209,0.04078549848942598,0.2102874432677761
1,0.124,0.08747044917257683,0.14348677766895201,0.09871931696905016,0.05387713997985901,0.19667170953101362
2,0.1206,0.08794326241134752,0.15475024485798236,0.11152614727854857,0.04179254783484391,0.19465456379223398
3,0.1185,0.09219858156028368,0.15279138099902057,0.12113127001067236,0.04682779456193353,0.19818456883509833
4,0.1191,0.08274231678486997,0.15572967678746327,0.09765208110992529,0.048841893252769386,0.20574886535552195
