,overall,task_0,task_1,task_2,task_3,task_4
0,0.1193,0.5598108747044918,0.0,0.0,0.0005035246727089627,0.0
1,0.1054,0.02553191489361702,0.49461312438785504,0.0,0.0,0.0
2,0.0982,0.002364066193853428,0.0,0.5229455709711847,0.0,0.0
3,0.103,0.0018912529550827422,0.0,0.0,0.5166163141993958,0.0
4,0.0979,0.0014184397163120568,0.0,0.0,0.0005035246727089627,0.49117498739283916
