,overall,task_0,task_1,task_2,task_3,task_4
0,0.2106,0.9971631205673759,0.0,0.0,0.0,0.0
1,0.4078,0.9858156028368794,0.9711067580803134,0.0,0.0,0.0
2,0.5751,0.9815602836879432,0.9240940254652301,0.9423692636072573,0.0005035246727089627,0.0015128593040847202
3,0.7201,0.9569739952718677,0.8339862879529872,0.8617929562433297,0.9149043303121853,0.008068582955118508
4,0.803,0.9375886524822695,0.8383937316356513,0.8132337246531484,0.8227593152064451,0.6026222894604135
