,overall,task_0,task_1,task_2,task_3,task_4
0,0.2085,0.9858156028368794,0.0,0.0,0.0,0.0
1,0.1052,0.021749408983451537,0.4926542605288932,0.0,0.0,0.0
2,0.0984,0.002364066193853428,0.0,0.5224119530416222,0.0,0.0
3,0.1034,0.0018912529550827422,0.0,0.0010672358591248667,0.5176233635448136,0.0
4,0.0981,0.0018912529550827422,0.0,0.0010672358591248667,0.0,0.491679273827534
