,overall,task_0,task_1,task_2,task_3,task_4
0,0.1221,0.05531914893617021,0.07884427032321253,0.10672358591248667,0.1701913393756294,0.2188603126575895
1,0.1261,0.06052009456264775,0.07590597453476983,0.096051227321238,0.1822759315206445,0.21533030761472516
2,0.1253,0.05768321513002364,0.07884427032321253,0.096051227321238,0.1878147029204431,0.20827029752899648
3,0.125,0.050118203309692674,0.08472086190009795,0.08911419423692636,0.17270896273917422,0.21280887544125063
4,0.1236,0.05106382978723404,0.07884427032321253,0.09551760939167556,0.17220543806646527,0.22390317700453857
