,overall,task_0,task_1,task_2,task_3,task_4
0,0.1195,0.005673758865248227,0.3109696376101861,0.0368196371398079,0.0030211480362537764,0.23852748361069087
1,0.1195,0.005673758865248227,0.3109696376101861,0.0368196371398079,0.0030211480362537764,0.23852748361069087
2,0.1195,0.005673758865248227,0.3109696376101861,0.0368196371398079,0.0030211480362537764,0.23852748361069087
3,0.1195,0.005673758865248227,0.3109696376101861,0.0368196371398079,0.0030211480362537764,0.23852748361069087
4,0.1195,0.005673758865248227,0.3109696376101861,0.0368196371398079,0.0030211480362537764,0.23852748361069087
