,overall,task_0,task_1,task_2,task_3,task_4
0,0.1031,0.2619385342789598,0.12340842311459353,0.07310565635005337,0.008559919436052367,0.02168431669188099
1,0.1003,0.26666666666666666,0.12047012732615084,0.0672358591248666,0.003524672708962739,0.022188603126575897
2,0.0999,0.2628841607565012,0.12144955925563174,0.06937033084311633,0.004028197381671702,0.01664145234493192
3,0.0993,0.27470449172576833,0.1258570029382958,0.07097118463180363,0.010574018126888218,0.02319717599596571
4,0.0975,0.2557919621749409,0.11361410381978453,0.06776947705442903,0.006042296072507553,0.016137165910237016
