,overall,task_0,task_1,task_2,task_3,task_4
0,0.1138,0.046335697399527184,0.17482859941234083,0.1632870864461046,0.1299093655589124,0.04286434694906707
1,0.1146,0.06477541371158392,0.17189030362389815,0.144076840981857,0.14501510574018128,0.054967221381744834
2,0.1184,0.061465721040189124,0.18168462291870716,0.1536819637139808,0.13695871097683787,0.057488653555219364
3,0.1096,0.05768321513002364,0.18266405484818804,0.15795090715048027,0.14904330312185296,0.04589006555723651
4,0.1161,0.054373522458628844,0.17678746327130265,0.17395944503735325,0.1339375629405841,0.05194150277357539
