,overall,task_0,task_1,task_2,task_3,task_4
0,0.1175,0.556501182033097,0.0004897159647404506,0.0,0.0,0.0
1,0.1031,0.011347517730496455,0.4951028403525955,0.0,0.0,0.0
2,0.0987,0.0014184397163120568,0.0,0.5234791889007471,0.0,0.0
3,0.103,0.00047281323877068556,0.0,0.0,0.5181268882175226,0.0
4,0.0974,0.00047281323877068556,0.0,0.0,0.0,0.49117498739283916
