,overall,task_0,task_1,task_2,task_3,task_4
0,0.211,0.9976359338061466,0.0,0.0,0.0,0.0
1,0.4069,0.9891252955082742,0.9642507345739472,0.0,0.0,0.0005042864346949068
2,0.5605,0.9711583924349881,0.8712047012732616,0.9498399146211313,0.0,0.0
3,0.7025,0.9385342789598109,0.8442703232125367,0.8772678762006404,0.8484390735146022,0.007564296520423601
4,0.7618,0.9465721040189126,0.7957884427032321,0.7337246531483458,0.7905337361530715,0.5335350479072113
