,overall,task_0,task_1,task_2,task_3,task_4
0,0.0984,0.3309692671394799,0.0039177277179236044,0.0005336179295624333,0.07854984894259819,0.0600100857286939
1,0.0984,0.3309692671394799,0.0039177277179236044,0.0005336179295624333,0.07854984894259819,0.0600100857286939
2,0.0984,0.3309692671394799,0.0039177277179236044,0.0005336179295624333,0.07854984894259819,0.0600100857286939
3,0.0984,0.3309692671394799,0.0039177277179236044,0.0005336179295624333,0.07854984894259819,0.0600100857286939
4,0.0984,0.3309692671394799,0.0039177277179236044,0.0005336179295624333,0.07854984894259819,0.0600100857286939
