,overall,task_0,task_1,task_2,task_3,task_4
0,0.1983,0.9375886524822695,0.0,0.0,0.0,0.0
1,0.1126,0.055791962174940896,0.49363369245837413,0.0,0.0,0.0
2,0.0988,0.0018912529550827422,0.0,0.5250800426894343,0.0,0.0
3,0.1503,0.0014184397163120568,0.0,0.0,0.7552870090634441,0.0
4,0.0977,0.0014184397163120568,0.0,0.0,0.0,0.49117498739283916
