,overall,task_0,task_1,task_2,task_3,task_4
0,0.2112,0.9985815602836879,0.0,0.0,0.0,0.0
1,0.1945,0.00047281323877068556,0.9505386875612145,0.0,0.0,0.0
2,0.1885,0.006619385342789598,0.02791380999020568,0.9791889007470651,0.0,0.0
3,0.199,0.0,0.0014691478942213516,0.015474919957310566,0.9934541792547835,0.0
4,0.1921,0.00425531914893617,0.00881488736532811,0.025613660618996798,0.016112789526686808,0.9223398890569844
