,overall,task_0,task_1,task_2,task_3,task_4
0,0.1494,0.7130023640661939,0.0,0.0,0.0,0.0
1,0.1016,0.004728132387706856,0.4951028403525955,0.0,0.0,0.0
2,0.0981,0.0,0.0,0.5229455709711847,0.0,0.0
3,0.1028,0.0,0.0,0.0,0.5176233635448136,0.0
4,0.0974,0.0,0.0,0.0,0.0,0.49117498739283916
