,overall,task_0,task_1,task_2,task_3,task_4
0,0.0787,0.031205673758865248,0.06415279138099902,0.2550693703308431,0.026183282980866064,0.016137165910237016
1,0.08,0.032624113475177303,0.07394711067580803,0.27161152614727857,0.03272910372608258,0.011598587997982855
2,0.0784,0.02553191489361702,0.059255631733594515,0.2700106723585913,0.0377643504531722,0.013111447302067574
3,0.0759,0.03309692671394799,0.07345739471106758,0.2700106723585913,0.03927492447129909,0.017650025214321734
4,0.0817,0.031205673758865248,0.06464250734573947,0.27161152614727857,0.03675730110775428,0.013111447302067574
