,overall,task_0,task_1,task_2,task_3,task_4
0,0.2176,0.9985815602836879,0.01028403525954946,0.0032017075773745998,0.016112789526686808,0.006051437216338881
1,0.4058,0.9853427895981087,0.9681684622918707,0.0005336179295624333,0.0015105740181268882,0.0010085728693898135
2,0.561,0.9806146572104019,0.8726738491674828,0.9076840981856991,0.015105740181268883,0.0045385779122541605
3,0.4298,0.9470449172576832,0.4931439764936337,0.23852721451440767,0.2280966767371601,0.1810388300554715
4,0.7771,0.956501182033097,0.8320274240940254,0.7908217716115261,0.8539778449144008,0.44478063540090773
