,overall,task_0,task_1,task_2,task_3,task_4
0,0.0725,0.032624113475177303,0.27081292850146915,0.005869797225186766,0.0010070493454179255,0.0453857791225416
1,0.0725,0.032624113475177303,0.27081292850146915,0.005869797225186766,0.0010070493454179255,0.0453857791225416
2,0.0725,0.032624113475177303,0.27081292850146915,0.005869797225186766,0.0010070493454179255,0.0453857791225416
3,0.0725,0.032624113475177303,0.27081292850146915,0.005869797225186766,0.0010070493454179255,0.0453857791225416
4,0.0725,0.032624113475177303,0.27081292850146915,0.005869797225186766,0.0010070493454179255,0.0453857791225416
