,overall,task_0,task_1,task_2,task_3,task_4
0,0.081,0.04491725768321513,0.07345739471106758,0.17929562433297758,0.026686807653575024,0.10388300554715078
1,0.0818,0.043498817966903074,0.07296767874632713,0.1622198505869797,0.028197381671701913,0.1205244578920827
2,0.083,0.04113475177304964,0.06856023506366307,0.16115261472785486,0.032225579053373615,0.11094301563287948
3,0.0801,0.04539007092198582,0.05827619980411362,0.15741728922091783,0.028197381671701913,0.11497730711043873
4,0.0807,0.043498817966903074,0.07786483839373164,0.1568836712913554,0.030211480362537766,0.12203731719616742
