,overall,task_0,task_1,task_2,task_3,task_4
0,0.1216,0.28416075650118205,0.07394711067580803,0.10192102454642477,0.03625377643504532,0.08724155320221887
1,0.1247,0.28983451536643023,0.07443682664054849,0.09071504802561366,0.04229607250755287,0.09329299041855774
2,0.1215,0.30354609929078014,0.07835455435847209,0.09765208110992529,0.0377643504531722,0.09480584972264246
3,0.1206,0.29645390070921984,0.07884427032321253,0.09871931696905016,0.04582074521651561,0.09480584972264246
4,0.1184,0.30307328605200945,0.07541625857002938,0.09978655282817503,0.039778449144008056,0.0897629853756934
