,overall,task_0,task_1,task_2,task_3,task_4
0,0.0956,0.2515366430260047,0.03770812928501469,0.06616862326574173,0.10775427995971802,0.0045385779122541605
1,0.0956,0.2515366430260047,0.03770812928501469,0.06616862326574173,0.10775427995971802,0.0045385779122541605
2,0.0956,0.2515366430260047,0.03770812928501469,0.06616862326574173,0.10775427995971802,0.0045385779122541605
3,0.0956,0.2515366430260047,0.03770812928501469,0.06616862326574173,0.10775427995971802,0.0045385779122541605
4,0.0956,0.2515366430260047,0.03770812928501469,0.06616862326574173,0.10775427995971802,0.0045385779122541605
