,accuracy,f1,precision,recall,model
0,0.2136,0.10054582902269307,0.21566683561432215,0.33267331288581903,model_ADAM_21
1,0.214,0.10346432050271899,0.2165143997050553,0.3818833551124919,model_ADAM_LT_21
2,0.2098,0.09647474079913307,0.21220477936646037,0.3340160702218406,model_SGD_21
3,0.2166,0.10593855965437955,0.21924574193159146,0.44754702903947347,model_SGD_LT_21
4,0.1948,0.0659267135490944,0.19645972765623973,0.13904926638755075,model_ewc_21
