,overall,task_0,task_1,task_2,task_3,task_4
0,0.2053,0.9706855791962175,0.0,0.0,0.0,0.0
1,0.1221,0.10023640661938535,0.4941234084231146,0.0,0.0,0.0
2,0.1038,0.026477541371158392,0.0,0.5240128068303095,0.0,0.0
3,0.1096,0.03215130023640662,0.0,0.0010672358591248667,0.5166163141993958,0.0
4,0.1036,0.029314420803782507,0.0,0.0,0.0,0.49117498739283916
