,overall,task_0,task_1,task_2,task_3,task_4
0,0.2113,0.9990543735224586,0.0,0.0,0.0,0.0
1,0.4067,0.9754137115839243,0.9813907933398629,0.0,0.0,0.0
2,0.5716,0.9659574468085106,0.8883447600391773,0.9919957310565635,0.0,0.0
3,0.7524,0.9555555555555556,0.8805093046033301,0.9439701173959445,0.9748237663645518,0.0
4,0.8986,0.9333333333333333,0.8447600391772772,0.8975453575240128,0.9295065458207452,0.8870398386283409
