,overall,task_0,task_1,task_2,task_3,task_4
0,0.2111,0.9981087470449173,0.0,0.0,0.0,0.0
1,0.2005,0.0,0.9818805093046034,0.0,0.0,0.0
2,0.1866,0.0,0.0,0.9957310565635006,0.0,0.0
3,0.1978,0.0,0.0,0.0,0.9959718026183283,0.0
4,0.1948,0.0,0.0,0.0,0.002014098690835851,0.9803328290468987
