,overall,task_0,task_1,task_2,task_3,task_4
0,0.2111,0.9981087470449173,0.0,0.0,0.0,0.0
1,0.4079,0.9905437352245863,0.9715964740450539,0.0,0.0,0.0
2,0.5804,0.9905437352245863,0.9319294809010774,0.9637139807897546,0.0,0.0
3,0.75,0.9858156028368794,0.8952007835455436,0.9183564567769477,0.9365558912386707,0.0030257186081694403
4,0.8531,0.9692671394799054,0.895690499510284,0.8617929562433297,0.9254783484390735,0.6046394351991932
