,overall,task_0,task_1,task_2,task_3,task_4
0,0.2045,0.966903073286052,0.0,0.0,0.0,0.0
1,0.1064,0.026004728132387706,0.4941234084231146,0.0,0.0,0.0
2,0.0988,0.005673758865248227,0.0,0.5208110992529349,0.0,0.0
3,0.1044,0.0037825059101654845,0.0,0.0,0.5216515609264853,0.0
4,0.099,0.003309692671394799,0.0,0.0,0.004531722054380665,0.49117498739283916
