,overall,task_0,task_1,task_2,task_3,task_4
0,0.2112,0.9985815602836879,0.0,0.0,0.0,0.0
1,0.1984,0.0,0.9715964740450539,0.0,0.0,0.0
2,0.1869,0.0028368794326241137,0.0004897159647404506,0.9935965848452508,0.0,0.0
3,0.1985,0.0,0.0004897159647404506,0.0048025613660619,0.9944612286002014,0.0
4,0.2065,0.01182033096926714,0.0,0.0,0.048841893252769386,0.9798285426122038
