,overall,task_0,task_1,task_2,task_3,task_4
0,0.2111,0.9981087470449173,0.0,0.0,0.0,0.0
1,0.1997,0.00047281323877068556,0.9774730656219393,0.0,0.0,0.0
2,0.1868,0.0,0.0,0.9967982924226254,0.0,0.0
3,0.2002,0.00047281323877068556,0.0,0.013874066168623266,0.9944612286002014,0.0
4,0.2015,0.0009456264775413711,0.0004897159647404506,0.0,0.03625377643504532,0.978315683308119
