,overall,task_0,task_1,task_2,task_3,task_4
0,0.2112,0.9985815602836879,0.0,0.0,0.0,0.0
1,0.1976,0.0,0.9676787463271302,0.0,0.0,0.0
2,0.187,0.0,0.0034280117531831538,0.9941302027748132,0.0,0.0
3,0.199,0.0,0.0,0.003735325506937033,0.9984894259818731,0.0
4,0.1933,0.0,0.0,0.0,0.0,0.9747856782652546
