,overall,task_0,task_1,task_2,task_3,task_4
0,0.2112,0.9985815602836879,0.0,0.0,0.0,0.0
1,0.4031,0.9631205673758865,0.9764936336924583,0.0,0.0,0.0
2,0.5754,0.966903073286052,0.9059745347698335,0.9919957310565635,0.0,0.0
3,0.756,0.957919621749409,0.8922624877571009,0.9503735325506937,0.972306143001007,0.0
4,0.909,0.9460992907801419,0.8653281096963761,0.9071504802561366,0.9249748237663645,0.9001512859304085
