,overall,task_0,task_1,task_2,task_3,task_4
0,0.2114,0.9995271867612293,0.0,0.0,0.0,0.0
1,0.1991,0.002364066193853428,0.9725759059745348,0.0,0.0,0.0
2,0.1861,0.0014184397163120568,0.0,0.991462113127001,0.0,0.0
3,0.201,0.010401891252955082,0.0,0.005869797225186766,0.9954682779456193,0.0
4,0.2071,0.0,0.0,0.0,0.06696878147029205,0.9773071104387292
