,overall,task_0,task_1,task_2,task_3,task_4
0,0.2114,0.9995271867612293,0.0,0.0,0.0,0.0
1,0.2014,0.003309692671394799,0.9828599412340843,0.0,0.0,0.0
2,0.1886,0.010874704491725768,0.0,0.9941302027748132,0.0,0.0
3,0.1997,0.00047281323877068556,0.0004897159647404506,0.008537886872998933,0.9964753272910373,0.0
4,0.2208,0.0009456264775413711,0.0009794319294809011,0.0005336179295624333,0.1324269889224572,0.978315683308119
