,overall,task_0,task_1,task_2,task_3,task_4
0,0.2112,0.9985815602836879,0.0,0.0,0.0,0.0
1,0.2004,0.0028368794326241137,0.9784524975514202,0.0,0.0,0.0
2,0.1874,0.004728132387706856,0.0,0.9946638207043756,0.0,0.0
3,0.2006,0.0028368794326241137,0.0,0.012806830309498399,0.9949647532729103,0.0
4,0.2166,0.00047281323877068556,0.0004897159647404506,0.0005336179295624333,0.11278952668680765,0.9778113968734241
