,overall,task_0,task_1,task_2,task_3,task_4
0,0.2109,0.9971631205673759,0.0,0.0,0.0,0.0
1,0.2005,0.0,0.9818805093046034,0.0,0.0,0.0
2,0.1863,0.0,0.0014691478942213516,0.9925293489861259,0.0,0.0
3,0.1982,0.0,0.0,0.0,0.9979859013091642,0.0
4,0.1914,0.0,0.0,0.0,0.004531722054380665,0.9606656580937972
