,overall,task_0,task_1,task_2,task_3,task_4
0,0.2112,0.9985815602836879,0.0,0.0,0.0,0.0
1,0.4073,0.9839243498817967,0.9755142017629774,0.0,0.0,0.0
2,0.5744,0.9877068557919622,0.9049951028403526,0.964247598719317,0.0,0.0
3,0.7399,0.966903073286052,0.895690499510284,0.884204909284952,0.9375629405840886,0.0030257186081694403
4,0.8277,0.9635933806146572,0.8795298726738492,0.8260405549626467,0.8856998992950654,0.5728693898134141
