,overall,task_0,task_1,task_2,task_3,task_4
0,0.2113,0.9990543735224586,0.0,0.0,0.0,0.0
1,0.1993,0.0,0.9760039177277179,0.0,0.0,0.0
2,0.1839,0.0,0.0,0.9813233724653149,0.0,0.0
3,0.1978,0.0,0.0,0.0005336179295624333,0.9954682779456193,0.0
4,0.1959,0.0,0.0,0.0,0.012588116817724069,0.9752899646999496
