,overall,task_0,task_1,task_2,task_3,task_4
0,0.2112,0.9985815602836879,0.0,0.0,0.0,0.0
1,0.1986,0.005673758865248227,0.9666993143976493,0.0,0.0,0.0
2,0.1869,0.002364066193853428,0.0,0.9946638207043756,0.0,0.0
3,0.207,0.00047281323877068556,0.002938295788442703,0.04695837780149413,0.9944612286002014,0.0
4,0.2155,0.0,0.0004897159647404506,0.0,0.1027190332326284,0.983358547655068
