,overall,task_0,task_1,task_2,task_3,task_4
0,0.2114,0.9995271867612293,0.0,0.0,0.0,0.0
1,0.4085,0.9943262411347518,0.9696376101860921,0.0,0.0,0.0010085728693898135
2,0.5737,0.9815602836879432,0.9000979431929481,0.9727854855923159,0.0,0.0
3,0.7422,0.9678486997635933,0.8658178256611165,0.9311632870864461,0.9345417925478349,0.0030257186081694403
4,0.8326,0.9697399527186761,0.8158667972575906,0.8729989327641409,0.8907351460221551,0.6071608673726677
