,overall,task_0,task_1,task_2,task_3,task_4
0,0.2085,0.9858156028368794,0.0,0.0,0.0,0.0
1,0.1017,0.003309692671394799,0.49461312438785504,0.0,0.0,0.0
2,0.0993,0.005673758865248227,0.0,0.5234791889007471,0.0,0.0
3,0.0974,0.006146572104018913,0.0,0.0,0.4838872104733132,0.0
4,0.0993,0.006146572104018913,0.0,0.0,0.002014098690835851,0.4921835602622289
