,overall,task_0,task_1,task_2,task_3,task_4
0,0.2112,0.9985815602836879,0.0,0.0,0.0,0.0
1,0.2,0.010874704491725768,0.9681684622918707,0.0,0.0,0.0
2,0.1891,0.01276595744680851,0.0004897159647404506,0.9941302027748132,0.0,0.0
3,0.2001,0.00425531914893617,0.0,0.005869797225186766,0.9974823766364552,0.0
4,0.214,0.0,0.0004897159647404506,0.0005336179295624333,0.09969788519637462,0.978315683308119
