,overall,task_0,task_1,task_2,task_3,task_4
0,0.2115,1.0,0.0,0.0,0.0,0.0
1,0.2007,0.00425531914893617,0.9784524975514202,0.0,0.0,0.0
2,0.1879,0.008037825059101654,0.0004897159647404506,0.9930629669156884,0.0,0.0
3,0.2006,0.0009456264775413711,0.0,0.013874066168623266,0.9959718026183283,0.0
4,0.2098,0.0,0.0,0.0032017075773745998,0.0755287009063444,0.9793242561775088
