,overall,task_0,task_1,task_2,task_3,task_4
0,0.2113,0.9990543735224586,0.0,0.0,0.0,0.0
1,0.2017,0.008037825059101654,0.9794319294809011,0.0,0.0,0.0
2,0.1889,0.009929078014184398,0.0,0.9967982924226254,0.0,0.0
3,0.1978,0.00047281323877068556,0.0,0.0010672358591248667,0.9944612286002014,0.0
4,0.1997,0.007565011820330969,0.0004897159647404506,0.0,0.017119838872104734,0.9813414019162885
