,overall,task_0,task_1,task_2,task_3,task_4
0,0.2108,0.9966903073286052,0.0,0.0,0.0,0.0
1,0.2012,0.006146572104018913,0.9789422135161606,0.0,0.0,0.0
2,0.1866,0.0,0.0,0.9957310565635006,0.0,0.0
3,0.1985,0.00047281323877068556,0.0,0.004268943436499467,0.9949647532729103,0.0
4,0.2053,0.0014184397163120568,0.0,0.0010672358591248667,0.05387713997985901,0.9788199697428139
