,overall,task_0,task_1,task_2,task_3,task_4
0,0.2112,0.9985815602836879,0.0,0.0,0.0,0.0
1,0.2006,0.0,0.9823702252693438,0.0,0.0,0.0
2,0.1867,0.0,0.0019588638589618022,0.9941302027748132,0.0,0.0
3,0.1994,0.0,0.0,0.0080042689434365,0.9964753272910373,0.0
4,0.1947,0.0,0.0,0.0,0.0,0.9818456883509834
