,overall,task_0,task_1,task_2,task_3,task_4
0,0.2106,0.9957446808510638,0.0,0.0,0.0,0.0
1,0.1998,0.0,0.9784524975514202,0.0,0.0,0.0
2,0.1858,0.0,0.0,0.991462113127001,0.0,0.0
3,0.1977,0.0,0.0,0.0,0.9954682779456193,0.0
4,0.194,0.0,0.0,0.0,0.0030211480362537764,0.9752899646999496
