,overall,task_0,task_1,task_2,task_3,task_4
0,0.2113,0.9990543735224586,0.0,0.0,0.0,0.0
1,0.1998,0.0,0.9784524975514202,0.0,0.0,0.0
2,0.1863,0.0,0.0,0.9941302027748132,0.0,0.0
3,0.1984,0.0,0.0,0.0005336179295624333,0.9984894259818731,0.0
4,0.1959,0.0,0.0,0.0,0.0,0.9878971255673222
