,overall,task_0,task_1,task_2,task_3,task_4
0,0.098,0.46335697399527187,0.0,0.0,0.0,0.0
1,0.098,0.46335697399527187,0.0,0.0,0.0,0.0
2,0.098,0.46335697399527187,0.0,0.0,0.0,0.0
3,0.098,0.46335697399527187,0.0,0.0,0.0,0.0
4,0.098,0.46335697399527187,0.0,0.0,0.0,0.0
