,overall,task_0,task_1,task_2,task_3,task_4
0,0.2113,0.9990543735224586,0.0,0.0,0.0,0.0
1,0.1989,0.00047281323877068556,0.9735553379040157,0.0,0.0,0.0
2,0.1863,0.0,0.0,0.9941302027748132,0.0,0.0
3,0.1986,0.0028368794326241137,0.0,0.0,0.9969788519637462,0.0
4,0.1964,0.0014184397163120568,0.0009794319294809011,0.0026680896478121665,0.0075528700906344415,0.9778113968734241
