,overall,task_0,task_1,task_2,task_3,task_4
0,0.2114,0.9995271867612293,0.0,0.0,0.0,0.0
1,0.4075,0.9829787234042553,0.9774730656219393,0.0,0.0,0.0
2,0.5768,0.9777777777777777,0.9059745347698335,0.9871931696905016,0.0,0.0
3,0.7567,0.9640661938534278,0.8976493633692458,0.9439701173959445,0.9697885196374623,0.0
4,0.9085,0.9356973995271868,0.8736532810969637,0.8996798292422625,0.9340382678751259,0.8981341401916288
