,overall,task_0,task_1,task_2,task_3,task_4
0,0.2114,0.9995271867612293,0.0,0.0,0.0,0.0
1,0.2004,0.00047281323877068556,0.9809010773751224,0.0,0.0,0.0
2,0.1869,0.0014184397163120568,0.0014691478942213516,0.9941302027748132,0.0,0.0
3,0.2043,0.0009456264775413711,0.0,0.03255069370330843,0.9969788519637462,0.0
4,0.1992,0.0,0.0,0.0005336179295624333,0.025176233635448138,0.9788199697428139
