,overall,task_0,task_1,task_2,task_3,task_4
0,0.2112,0.9985815602836879,0.0,0.0,0.0,0.0
1,0.2048,0.022222222222222223,0.9799216454456415,0.0,0.0,0.0
2,0.1864,0.0,0.0014691478942213516,0.9930629669156884,0.0,0.0
3,0.2001,0.007565011820330969,0.0,0.003735325506937033,0.9959718026183283,0.0
4,0.2048,0.0,0.0009794319294809011,0.003735325506937033,0.04934541792547835,0.9788199697428139
