,overall,task_0,task_1,task_2,task_3,task_4
0,0.2113,0.9990543735224586,0.0,0.0,0.0,0.0
1,0.2,0.0037825059101654845,0.9755142017629774,0.0,0.0,0.0
2,0.1867,0.0014184397163120568,0.0014691478942213516,0.9930629669156884,0.0,0.0
3,0.1997,0.002364066193853428,0.0,0.0080042689434365,0.9954682779456193,0.0
4,0.2075,0.002364066193853428,0.0019588638589618022,0.0,0.06545820745216516,0.9762985375693394
