,overall,task_0,task_1,task_2,task_3,task_4
0,0.2113,0.9990543735224586,0.0,0.0,0.0,0.0
1,0.2,0.0,0.9794319294809011,0.0,0.0,0.0
2,0.1876,0.0,0.0053868756121449556,0.9951974386339381,0.0,0.0
3,0.1999,0.0,0.0,0.0096051227321238,0.9974823766364552,0.0
4,0.1925,0.0,0.0,0.0,0.0,0.9707513867876955
