,overall,task_0,task_1,task_2,task_3,task_4
0,0.2114,0.9995271867612293,0.0,0.0,0.0,0.0
1,0.4078,0.9801418439716312,0.9818805093046034,0.0,0.0,0.0
2,0.571,0.956501182033097,0.8952007835455436,0.9919957310565635,0.0,0.0
3,0.7517,0.9560283687943263,0.8907933398628796,0.9370330843116329,0.9667673716012085,0.0
4,0.8946,0.9252955082742317,0.8589618021547503,0.8767342582710779,0.9295065458207452,0.8804841149773072
