,overall,task_0,task_1,task_2,task_3,task_4
0,0.2114,0.9995271867612293,0.0,0.0,0.0,0.0
1,0.2007,0.0,0.9828599412340843,0.0,0.0,0.0
2,0.1864,0.0,0.0,0.9946638207043756,0.0,0.0
3,0.1981,0.0,0.0,0.0010672358591248667,0.9964753272910373,0.0
4,0.1951,0.0,0.0,0.0,0.0,0.9838628340897629
