,overall,task_0,task_1,task_2,task_3,task_4
0,0.2113,0.9990543735224586,0.0,0.0,0.0,0.0
1,0.1969,0.0,0.9642507345739472,0.0,0.0,0.0
2,0.1871,0.003309692671394799,0.0,0.9946638207043756,0.0,0.0
3,0.1993,0.00047281323877068556,0.0,0.0064034151547491995,0.9969788519637462,0.0
4,0.218,0.02269503546099291,0.0009794319294809011,0.0005336179295624333,0.09566968781470292,0.9778113968734241
