,overall,task_0,task_1,task_2,task_3,task_4
0,0.2111,0.9981087470449173,0.0,0.0,0.0,0.0
1,0.4077,0.9825059101654846,0.9789422135161606,0.0,0.0,0.0
2,0.5735,0.968321513002364,0.8986287952987267,0.9882604055496265,0.0,0.0
3,0.7516,0.9555555555555556,0.8937316356513222,0.9348986125933831,0.9657603222557906,0.0
4,0.8966,0.9229314420803783,0.8667972575905974,0.880469583778015,0.9300100704934542,0.880988401412002
