,overall,task_0,task_1,task_2,task_3,task_4
0,0.2112,0.9985815602836879,0.0,0.0,0.0,0.0
1,0.1993,0.0028368794326241137,0.9730656219392753,0.0,0.0,0.0
2,0.1872,0.00425531914893617,0.0,0.9941302027748132,0.0,0.0
3,0.1984,0.0,0.0,0.0021344717182497333,0.9969788519637462,0.0
4,0.2122,0.0018912529550827422,0.0,0.0005336179295624333,0.09365558912386707,0.9737771053958648
