,overall,task_0,task_1,task_2,task_3,task_4
0,0.2107,0.9962174940898345,0.0,0.0,0.0,0.0
1,0.2006,0.0,0.9823702252693438,0.0,0.0,0.0
2,0.1848,0.0,0.0,0.9861259338313767,0.0,0.0
3,0.2006,0.0,0.0,0.015474919957310566,0.9954682779456193,0.0
4,0.1933,0.0,0.0,0.0,0.0015105740181268882,0.9732728189611699
