,overall,task_0,task_1,task_2,task_3,task_4
0,0.2113,0.9990543735224586,0.0,0.0,0.0,0.0
1,0.2011,0.008983451536643027,0.9755142017629774,0.0,0.0,0.0
2,0.1929,0.026477541371158392,0.0034280117531831538,0.9957310565635006,0.0,0.0
3,0.2,0.0018912529550827422,0.0004897159647404506,0.0080042689434365,0.9969788519637462,0.0
4,0.2018,0.0037825059101654845,0.0004897159647404506,0.0010672358591248667,0.029707955689828803,0.9823499747856783
