,overall,task_0,task_1,task_2,task_3,task_4
0,0.1868,0.8822695035460993,0.0004897159647404506,0.0,0.0,0.0005042864346949068
1,0.114,0.059574468085106386,0.49657198824681686,0.0,0.0,0.0
2,0.1047,0.031205673758865248,0.0,0.5234791889007471,0.0,0.0
3,0.1078,0.024113475177304965,0.0,0.0,0.5171198388721048,0.0
4,0.1027,0.02458628841607565,0.0,0.0,0.0005035246727089627,0.49117498739283916
