,overall,task_0,task_1,task_2,task_3,task_4
0,0.2112,0.9985815602836879,0.0,0.0,0.0,0.0
1,0.2,0.0,0.9794319294809011,0.0,0.0,0.0
2,0.1925,0.028368794326241134,0.0004897159647404506,0.9946638207043756,0.0,0.0
3,0.1981,0.00047281323877068556,0.0,0.003735325506937033,0.9934541792547835,0.0
4,0.2136,0.013238770685579196,0.0,0.0,0.08157099697885196,0.9813414019162885
