,overall,task_0,task_1,task_2,task_3,task_4
0,0.2113,0.9990543735224586,0.0,0.0,0.0,0.0
1,0.1994,0.0,0.9764936336924583,0.0,0.0,0.0
2,0.1874,0.0,0.004407443682664055,0.9951974386339381,0.0,0.0
3,0.2003,0.004728132387706856,0.0004897159647404506,0.007470651013874066,0.9959718026183283,0.0
4,0.2068,0.00047281323877068556,0.0,0.0,0.057905337361530716,0.9843671205244579
