,overall,task_0,task_1,task_2,task_3,task_4
0,0.2112,0.9985815602836879,0.0,0.0,0.0,0.0
1,0.2007,0.005673758865248227,0.9769833496571988,0.0,0.0,0.0
2,0.1952,0.04160756501182033,0.0004897159647404506,0.9941302027748132,0.0,0.0
3,0.1992,0.004728132387706856,0.0,0.0026680896478121665,0.9954682779456193,0.0
4,0.2014,0.0,0.0,0.0,0.038267875125881166,0.9773071104387292
