,overall,task_0,task_1,task_2,task_3,task_4
0,0.2112,0.9985815602836879,0.0,0.0,0.0,0.0
1,0.1997,0.0,0.9779627815866797,0.0,0.0,0.0
2,0.1878,0.007565011820330969,0.0,0.9935965848452508,0.0,0.0
3,0.1998,0.003309692671394799,0.0,0.0080042689434365,0.9949647532729103,0.0
4,0.199,0.0,0.0,0.0,0.030211480362537766,0.9732728189611699
