,overall,task_0,task_1,task_2,task_3,task_4
0,0.2109,0.9971631205673759,0.0,0.0,0.0,0.0
1,0.4087,0.9895981087470449,0.9755142017629774,0.0,0.0,0.0010085728693898135
2,0.5801,0.9843971631205674,0.9382957884427032,0.9621131270010672,0.0,0.0
3,0.7425,0.9678486997635933,0.8844270323212536,0.9002134471718249,0.94662638469285,0.0025214321734745334
4,0.844,0.9602836879432625,0.8707149853085211,0.871931696905016,0.905337361530715,0.6046394351991932
