,overall,task_0,task_1,task_2,task_3,task_4
0,0.2112,0.9985815602836879,0.0,0.0,0.0,0.0
1,0.1996,0.0,0.9774730656219393,0.0,0.0,0.0
2,0.1871,0.0009456264775413711,0.002938295788442703,0.9941302027748132,0.0,0.0
3,0.1989,0.0018912529550827422,0.0,0.005869797225186766,0.9939577039274925,0.0
4,0.2003,0.0014184397163120568,0.0,0.0,0.02769385699899295,0.9808371154815936
