,overall,task_0,task_1,task_2,task_3,task_4
0,0.211,0.9976359338061466,0.0,0.0,0.0,0.0
1,0.2,0.0,0.9794319294809011,0.0,0.0,0.0
2,0.1878,0.006146572104018913,0.0,0.9951974386339381,0.0,0.0
3,0.1982,0.0,0.0,0.0026680896478121665,0.9954682779456193,0.0
4,0.2093,0.0,0.0,0.0016008537886872999,0.07099697885196375,0.9828542612203732
