,overall,task_0,task_1,task_2,task_3,task_4
0,0.1937,0.915839243498818,0.0,0.0,0.0,0.0
1,0.1201,0.0884160756501182,0.49657198824681686,0.0,0.0,0.0
2,0.1046,0.029314420803782507,0.0,0.5250800426894343,0.0,0.0
3,0.1063,0.016548463356973995,0.0,0.0,0.5176233635448136,0.0
4,0.102,0.021749408983451537,0.0,0.0,0.0,0.49117498739283916
