,overall,task_0,task_1,task_2,task_3,task_4
0,0.2111,0.9981087470449173,0.0,0.0,0.0,0.0
1,0.4088,0.9895981087470449,0.9769833496571988,0.0,0.0,0.0
2,0.5791,0.9791962174940898,0.935847208619001,0.9621131270010672,0.0030211480362537764,0.0
3,0.7445,0.975886524822695,0.8819784524975515,0.8948772678762006,0.9541792547834844,0.004034291477559254
4,0.8488,0.9744680851063829,0.8574926542605289,0.8671291355389541,0.8756294058408862,0.6616238023197176
