,overall,task_0,task_1,task_2,task_3,task_4
0,0.1842,0.8709219858156029,0.0,0.0,0.0,0.0
1,0.1111,0.04539007092198582,0.4970617042115573,0.0,0.0,0.0
2,0.1063,0.03877068557919622,0.0,0.5234791889007471,0.0,0.0
3,0.1971,0.02553191489361702,0.0,0.0,0.9652567975830816,0.0
4,0.0985,0.005200945626477541,0.0,0.0,0.0,0.49117498739283916
