,overall,task_0,task_1,task_2,task_3,task_4
0,0.211,0.9976359338061466,0.0,0.0,0.0,0.0
1,0.1978,0.0014184397163120568,0.9671890303623898,0.0,0.0,0.0
2,0.189,0.015602836879432624,0.0,0.9909284951974386,0.0,0.0
3,0.1997,0.0018912529550827422,0.0,0.006937033084311633,0.9969788519637462,0.0
4,0.2041,0.0,0.0,0.0010672358591248667,0.050352467270896276,0.9778113968734241
