,overall,task_0,task_1,task_2,task_3,task_4
0,0.2114,0.9995271867612293,0.0,0.0,0.0,0.0
1,0.1998,0.0009456264775413711,0.9774730656219393,0.0,0.0,0.0
2,0.1898,0.014657210401891253,0.0004897159647404506,0.9957310565635006,0.0,0.0
3,0.1999,0.00425531914893617,0.0,0.0080042689434365,0.9944612286002014,0.0
4,0.198,0.00047281323877068556,0.0,0.0,0.015105740181268883,0.9828542612203732
