,overall,task_0,task_1,task_2,task_3,task_4
0,0.2112,0.9985815602836879,0.0,0.0,0.0,0.0
1,0.1998,0.00425531914893617,0.9740450538687562,0.0,0.0,0.0
2,0.1919,0.026477541371158392,0.0009794319294809011,0.9930629669156884,0.0,0.0
3,0.2002,0.0009456264775413711,0.0019588638589618022,0.0096051227321238,0.9959718026183283,0.0
4,0.2008,0.00047281323877068556,0.0,0.0,0.027190332326283987,0.9848714069591528
