,overall,task_0,task_1,task_2,task_3,task_4
0,0.2112,0.9985815602836879,0.0,0.0,0.0,0.0
1,0.199,0.00047281323877068556,0.9740450538687562,0.0,0.0,0.0
2,0.187,0.003309692671394799,0.0004897159647404506,0.9935965848452508,0.0,0.0
3,0.1983,0.0,0.0,0.0016008537886872999,0.9969788519637462,0.0
4,0.1957,0.0,0.0,0.0,0.011077542799597181,0.9757942511346445
