,overall,task_0,task_1,task_2,task_3,task_4
0,0.2111,0.9981087470449173,0.0,0.0,0.0,0.0
1,0.1995,0.0,0.9769833496571988,0.0,0.0,0.0
2,0.1894,0.0,0.013712047012732615,0.9957310565635006,0.0,0.0
3,0.1972,0.0,0.0,0.0005336179295624333,0.9924471299093656,0.0
4,0.19,0.0,0.0,0.0,0.0,0.9581442259203228
