,overall,task_0,task_1,task_2,task_3,task_4
0,0.2111,0.9981087470449173,0.0,0.0,0.0,0.0
1,0.1981,0.00047281323877068556,0.9696376101860921,0.0,0.0,0.0
2,0.1869,0.0,0.0009794319294809011,0.996264674493063,0.0,0.0
3,0.1979,0.0,0.0,0.0,0.9964753272910373,0.0
4,0.1942,0.0,0.0,0.0,0.0,0.9793242561775088
