,overall,task_0,task_1,task_2,task_3,task_4
0,0.2049,0.968321513002364,0.0004897159647404506,0.0,0.0,0.0
1,0.102,0.003309692671394799,0.4960822722820764,0.0,0.0,0.0
2,0.0989,0.003309692671394799,0.0,0.5240128068303095,0.0,0.0
3,0.1041,0.002364066193853428,0.0,0.0,0.5216515609264853,0.0
4,0.0989,0.002364066193853428,0.0,0.0,0.005035246727089627,0.49117498739283916
