,overall,task_0,task_1,task_2,task_3,task_4
0,0.2113,0.9990543735224586,0.0,0.0,0.0,0.0
1,0.2017,0.006619385342789598,0.9809010773751224,0.0,0.0,0.0
2,0.1872,0.0018912529550827422,0.0,0.9967982924226254,0.0,0.0
3,0.1994,0.006619385342789598,0.0004897159647404506,0.0032017075773745998,0.9934541792547835,0.0
4,0.2032,0.0,0.0,0.0,0.050352467270896276,0.9742813918305597
