,overall,task_0,task_1,task_2,task_3,task_4
0,0.2109,0.9971631205673759,0.0,0.0,0.0,0.0
1,0.4046,0.9744680851063829,0.9720861900097943,0.0,0.0,0.0
2,0.5727,0.9645390070921985,0.8976493633692458,0.9893276414087513,0.0,0.0
3,0.7535,0.9593380614657211,0.8868756121449559,0.9423692636072573,0.9712990936555891,0.0
4,0.8993,0.9390070921985816,0.8599412340842312,0.8767342582710779,0.9295065458207452,0.8885526979324256
