,overall,task_0,task_1,task_2,task_3,task_4
0,0.2109,0.9971631205673759,0.0,0.0,0.0,0.0
1,0.408,0.9881796690307328,0.9745347698334965,0.0,0.0,0.0
2,0.5778,0.9810874704491725,0.9285014691478942,0.964247598719317,0.0,0.0
3,0.7409,0.9654846335697399,0.8834476003917727,0.8863393810032018,0.9511581067472307,0.006555723651033787
4,0.8468,0.9687943262411347,0.8457394711067581,0.8596584845250801,0.9113796576032226,0.6409480584972265
