,overall,task_0,task_1,task_2,task_3,task_4
0,0.2114,0.9995271867612293,0.0,0.0,0.0,0.0
1,0.1982,0.0018912529550827422,0.9686581782566112,0.0,0.0,0.0
2,0.1863,0.0009456264775413711,0.0,0.9930629669156884,0.0,0.0
3,0.2013,0.00851063829787234,0.0,0.010672358591248666,0.9944612286002014,0.0
4,0.2038,0.0009456264775413711,0.0,0.0,0.04582074521651561,0.9808371154815936
