,overall,task_0,task_1,task_2,task_3,task_4
0,0.2112,0.9985815602836879,0.0,0.0,0.0,0.0
1,0.2005,0.00425531914893617,0.9774730656219393,0.0,0.0,0.0
2,0.1871,0.0028368794326241137,0.0004897159647404506,0.9946638207043756,0.0,0.0
3,0.2015,0.0,0.0019588638589618022,0.017609391675560297,0.9959718026183283,0.0
4,0.2,0.0,0.0,0.0005336179295624333,0.02014098690835851,0.9878971255673222
