,overall,task_0,task_1,task_2,task_3,task_4
0,0.2114,0.9995271867612293,0.0,0.0,0.0,0.0
1,0.4074,0.9806146572104019,0.9794319294809011,0.0,0.0,0.0
2,0.5667,0.9560283687943263,0.8731635651322233,0.9935965848452508,0.0,0.0
3,0.7475,0.948936170212766,0.8726738491674828,0.9332977588046958,0.9753272910372608,0.0
4,0.8988,0.9267139479905437,0.8604309500489716,0.8826040554962646,0.9496475327291037,0.8729198184568835
