,overall,task_0,task_1,task_2,task_3,task_4
0,0.2113,0.9990543735224586,0.0,0.0,0.0,0.0
1,0.2003,0.0,0.9809010773751224,0.0,0.0,0.0
2,0.1865,0.0,0.0,0.9951974386339381,0.0,0.0
3,0.1979,0.0,0.0,0.0026680896478121665,0.9939577039274925,0.0
4,0.2045,0.0,0.0,0.0,0.0513595166163142,0.9798285426122038
