,overall,task_0,task_1,task_2,task_3,task_4
0,0.2113,0.9990543735224586,0.0,0.0,0.0,0.0
1,0.4085,0.9929078014184397,0.9715964740450539,0.0,0.0,0.0005042864346949068
2,0.5761,0.9867612293144208,0.9255631733594515,0.951974386339381,0.0,0.0
3,0.744,0.9787234042553191,0.9000979431929481,0.9007470651013874,0.9229607250755287,0.005547150781643974
4,0.835,0.9749408983451536,0.8809990205680706,0.8409818569903948,0.865055387713998,0.6026222894604135
