,overall,task_0,task_1,task_2,task_3,task_4
0,0.2108,0.9966903073286052,0.0,0.0,0.0,0.0
1,0.199,0.0,0.9745347698334965,0.0,0.0,0.0
2,0.1869,0.0,0.006366307541625857,0.9903948772678762,0.0,0.0
3,0.1968,0.0,0.0,0.005869797225186766,0.9853977844914401,0.0
4,0.1933,0.0,0.0,0.0,0.0005035246727089627,0.9742813918305597
