,overall,task_0,task_1,task_2,task_3,task_4
0,0.2114,0.9995271867612293,0.0,0.0,0.0,0.0
1,0.1967,0.0,0.9632713026444663,0.0,0.0,0.0
2,0.1867,0.00047281323877068556,0.0004897159647404506,0.9951974386339381,0.0,0.0
3,0.1985,0.00047281323877068556,0.0,0.0021344717182497333,0.9969788519637462,0.0
4,0.2153,0.0,0.0,0.0010672358591248667,0.10574018126888217,0.9788199697428139
