,accuracy,f1,precision,recall,model
0,0.5148,0.4999988788604061,0.5147645845664067,0.5394697303656735,iter_11
1,0.7416,0.7402579820774242,0.740803556960647,0.7409971937232753,model_full_11
2,0.1132,0.09874384150665859,0.11122553037037664,0.11747660616961694,model_empty_11
3,0.6116,0.6055304230236055,0.6119441343515152,0.6340972231520553,empty_trained_11
4,0.6816,0.677473571138818,0.6812970519369633,0.7003844339016656,model_full_trained_11
5,0.7344,0.7340151675084956,0.7342328823071859,0.7348726176579504,empty_trained_replay_11
6,0.7216,0.7204329213104167,0.7211307999726709,0.7218105696929202,model_full_trained_replay_11
