,accuracy,f1,precision,recall,model
0,0.5076,0.49406758564116576,0.5090550818042455,0.527432029505166,iter_65
1,0.7376,0.7366709405990768,0.7374769600940337,0.737121741666734,model_full_65
2,0.1072,0.09571694775718713,0.10808246207061681,0.11137604480129688,model_empty_65
3,0.5808,0.5733374361416831,0.5830348570426224,0.5895217384547335,empty_trained_65
4,0.6944,0.6908248737214,0.6950221998416486,0.7026483977956193,model_full_trained_65
5,0.7368,0.7365426784148071,0.7368186654749221,0.7369883439401732,empty_trained_replay_65
6,0.7376,0.7376179721275149,0.7372704070486751,0.7389352004139583,model_full_trained_replay_65
