,accuracy,f1,precision,recall,model
0,0.5116,0.5117984515156242,0.5137979340274021,0.5319670661689111,iter_12
1,0.744,0.743026651866264,0.7447834497529287,0.7444255976468209,model_full_12
2,0.1344,0.11206850400553212,0.1347891676248165,0.12770610703179547,model_empty_12
3,0.6008,0.6004511160707312,0.6023973714316011,0.6218025949425823,empty_trained_12
4,0.7088,0.7091901921733061,0.7098629445321858,0.7133127610673838,model_full_trained_12
5,0.7524,0.7526926719031295,0.7526083874398536,0.754071107990122,empty_trained_replay_12
6,0.7548,0.7546228837692011,0.7548550166503576,0.7571405275802728,model_full_trained_replay_12
