,overall,task_0,task_1,task_2,task_3,task_4
0,0.0948,0.10330578512396695,0.06868686868686869,0.05,0.1188118811881188,0.08333333333333333
1,0.0936,0.08057851239669421,0.11313131313131314,0.086,0.1306930693069307,0.09689922480620156
2,0.0924,0.12603305785123967,0.08282828282828283,0.076,0.1188118811881188,0.0872093023255814
3,0.1104,0.09504132231404959,0.1292929292929293,0.096,0.13267326732673268,0.10077519379844961
4,0.1076,0.1115702479338843,0.13535353535353536,0.09,0.1504950495049505,0.0872093023255814
