,overall,task_0,task_1,task_2,task_3,task_4
0,0.1592,0.8223140495867769,0.0,0.0,0.0,0.0
1,0.1888,0.8491735537190083,0.12323232323232323,0.0,0.0,0.0
2,0.1788,0.16735537190082644,0.701010101010101,0.038,0.0,0.0
3,0.1732,0.008264462809917356,0.06262626262626263,0.77,0.02574257425742574,0.0
4,0.1868,0.0,0.012121212121212121,0.188,0.7029702970297029,0.023255813953488372
