,overall,task_0,task_1,task_2,task_3,task_4
0,0.1332,0.38016528925619836,0.14747474747474748,0.026,0.11089108910891089,0.06589147286821706
1,0.1988,0.3925619834710744,0.4444444444444444,0.016,0.055445544554455446,0.023255813953488372
2,0.2232,0.3822314049586777,0.602020202020202,0.104,0.03564356435643564,0.03488372093023256
3,0.2464,0.29545454545454547,0.5777777777777777,0.252,0.12673267326732673,0.009689922480620155
4,0.2832,0.2231404958677686,0.5111111111111111,0.27,0.1782178217821782,0.16279069767441862
