,overall,task_0,task_1,task_2,task_3,task_4
0,0.1784,0.8966942148760331,0.012121212121212121,0.002,0.0019801980198019802,0.001937984496124031
1,0.3288,0.7727272727272727,0.8707070707070707,0.016,0.033663366336633666,0.03682170542635659
2,0.4628,0.6921487603305785,0.7777777777777778,0.778,0.05742574257425743,0.050387596899224806
3,0.5668,0.6157024793388429,0.6747474747474748,0.684,0.7247524752475247,0.1065891472868217
4,0.6548,0.6033057851239669,0.6545454545454545,0.666,0.6495049504950495,0.7015503875968992
