,overall,task_0,task_1,task_2,task_3,task_4
0,0.136,0.75,0.0,0.0,0.0,0.0
1,0.1692,0.7479338842975206,0.1414141414141414,0.0,0.0,0.0
2,0.1844,0.12603305785123967,0.7878787878787878,0.052,0.0,0.0
3,0.222,0.002066115702479339,0.2808080808080808,0.686,0.12673267326732673,0.0
4,0.216,0.002066115702479339,0.11717171717171718,0.244,0.6851485148514852,0.029069767441860465
