,overall,task_0,task_1,task_2,task_3,task_4
0,0.1284,0.6694214876033058,0.0,0.0,0.0,0.0
1,0.1456,0.6632231404958677,0.08686868686868687,0.0,0.0,0.0
2,0.1624,0.024793388429752067,0.7595959595959596,0.04,0.0,0.0
3,0.1892,0.0,0.23232323232323232,0.678,0.019801980198019802,0.0
4,0.1752,0.0,0.05656565656565657,0.14,0.6277227722772277,0.09883720930232558
