,overall,task_0,task_1,task_2,task_3,task_4
0,0.1344,0.29545454545454547,0.10303030303030303,0.084,0.14653465346534653,0.03682170542635659
1,0.1516,0.4194214876033058,0.16161616161616163,0.074,0.12673267326732673,0.029069767441860465
2,0.1768,0.3677685950413223,0.27070707070707073,0.198,0.0891089108910891,0.015503875968992248
3,0.216,0.26859504132231404,0.17777777777777778,0.32,0.32673267326732675,0.003875968992248062
4,0.2504,0.20454545454545456,0.15151515151515152,0.266,0.4376237623762376,0.14728682170542637
