,overall,task_0,task_1,task_2,task_3,task_4
0,0.1284,0.6632231404958677,0.0,0.0,0.0,0.0
1,0.1328,0.6157024793388429,0.06868686868686869,0.0,0.0,0.0
2,0.1712,0.0,0.7777777777777778,0.086,0.0,0.0
3,0.1988,0.0,0.2080808080808081,0.716,0.07128712871287128,0.0
4,0.2108,0.0,0.07272727272727272,0.184,0.7069306930693069,0.08139534883720931
