,overall,task_0,task_1,task_2,task_3,task_4
0,0.1828,0.9070247933884298,0.006060606060606061,0.0,0.005940594059405941,0.005813953488372093
1,0.3476,0.7913223140495868,0.8545454545454545,0.014,0.03762376237623762,0.05426356589147287
2,0.45,0.6776859504132231,0.7656565656565657,0.79,0.027722772277227723,0.060077519379844964
3,0.5496,0.6528925619834711,0.6626262626262627,0.696,0.7247524752475247,0.11046511627906977
4,0.6604,0.6301652892561983,0.6444444444444445,0.65,0.689108910891089,0.6937984496124031
