,overall,task_0,task_1,task_2,task_3,task_4
0,0.1144,0.07851239669421488,0.08080808080808081,0.192,0.0594059405940594,0.09496124031007752
1,0.1172,0.09917355371900827,0.10303030303030303,0.206,0.055445544554455446,0.11046511627906977
2,0.1224,0.08471074380165289,0.10505050505050505,0.206,0.06534653465346535,0.08333333333333333
3,0.112,0.10537190082644628,0.09292929292929293,0.216,0.0594059405940594,0.11627906976744186
4,0.1332,0.09710743801652892,0.09494949494949495,0.206,0.06336633663366337,0.12790697674418605
