,overall,task_0,task_1,task_2,task_3,task_4
0,0.1756,0.9214876033057852,0.0,0.0,0.0,0.0
1,0.3284,0.7851239669421488,0.8828282828282829,0.0,0.0,0.0
2,0.4516,0.6942148760330579,0.7777777777777778,0.802,0.0,0.0
3,0.5544,0.6590909090909091,0.6989898989898989,0.72,0.7465346534653465,0.0
4,0.6572,0.5950413223140496,0.6525252525252525,0.668,0.6475247524752475,0.7170542635658915
