,overall,task_0,task_1,task_2,task_3,task_4
0,0.182,0.9359504132231405,0.0,0.0,0.0,0.0
1,0.3464,0.8388429752066116,0.9252525252525252,0.0,0.0,0.0
2,0.4712,0.7148760330578512,0.8080808080808081,0.808,0.0,0.0
3,0.5772,0.6942148760330579,0.7696969696969697,0.722,0.700990099009901,0.0
4,0.6624,0.6239669421487604,0.7111111111111111,0.668,0.6811881188118812,0.7228682170542635
