,overall,task_0,task_1,task_2,task_3,task_4
0,0.1208,0.08677685950413223,0.10707070707070707,0.108,0.15247524752475247,0.15503875968992248
1,0.1164,0.09917355371900827,0.08686868686868687,0.11,0.1306930693069307,0.12596899224806202
2,0.1204,0.10743801652892562,0.1111111111111111,0.096,0.12871287128712872,0.16472868217054262
3,0.118,0.09297520661157024,0.08686868686868687,0.104,0.16435643564356436,0.16085271317829458
4,0.1304,0.10537190082644628,0.12525252525252525,0.104,0.1504950495049505,0.1511627906976744
