,overall,task_0,task_1,task_2,task_3,task_4
0,0.1752,0.9070247933884298,0.0,0.014,0.005940594059405941,0.001937984496124031
1,0.35,0.8140495867768595,0.8666666666666667,0.044,0.0297029702970297,0.015503875968992248
2,0.48,0.743801652892562,0.802020202020202,0.802,0.06534653465346535,0.029069767441860465
3,0.5968,0.6528925619834711,0.7414141414141414,0.728,0.7762376237623763,0.08333333333333333
4,0.68,0.6177685950413223,0.7212121212121212,0.686,0.7089108910891089,0.6531007751937985
