,overall,task_0,task_1,task_2,task_3,task_4
0,0.1828,0.9359504132231405,0.0,0.0,0.0,0.0
1,0.3392,0.8677685950413223,0.8626262626262626,0.0,0.0,0.0
2,0.478,0.7851239669421488,0.8,0.8,0.0,0.0
3,0.5812,0.7644628099173554,0.7454545454545455,0.742,0.7623762376237624,0.0
4,0.6844,0.7024793388429752,0.701010101010101,0.668,0.6237623762376238,0.6666666666666666
