,overall,task_0,task_1,task_2,task_3,task_4
0,0.0952,0.359504132231405,0.024242424242424242,0.008,0.061386138613861385,0.03294573643410853
1,0.1248,0.22107438016528927,0.3292929292929293,0.004,0.04554455445544554,0.03294573643410853
2,0.1252,0.19834710743801653,0.298989898989899,0.08,0.033663366336633666,0.023255813953488372
3,0.1148,0.12396694214876033,0.19595959595959597,0.046,0.19405940594059407,0.01744186046511628
4,0.1148,0.09710743801652892,0.18383838383838383,0.02,0.13267326732673268,0.13953488372093023
