,overall,task_0,task_1,task_2,task_3,task_4
0,0.184,0.9524793388429752,0.010101010101010102,0.0,0.0,0.001937984496124031
1,0.332,0.7830578512396694,0.8666666666666667,0.014,0.02178217821782178,0.013565891472868217
2,0.4592,0.7107438016528925,0.7292929292929293,0.814,0.019801980198019802,0.027131782945736434
3,0.558,0.6632231404958677,0.6646464646464646,0.744,0.7049504950495049,0.09302325581395349
4,0.6752,0.6735537190082644,0.604040404040404,0.686,0.6673267326732674,0.6647286821705426
