,overall,task_0,task_1,task_2,task_3,task_4
0,0.1348,0.35330578512396693,0.012121212121212121,0.088,0.11089108910891089,0.10077519379844961
1,0.1508,0.4462809917355372,0.09090909090909091,0.066,0.09900990099009901,0.0755813953488372
2,0.1864,0.3677685950413223,0.19393939393939394,0.168,0.055445544554455446,0.05813953488372093
3,0.2128,0.32644628099173556,0.21414141414141413,0.226,0.26732673267326734,0.027131782945736434
4,0.244,0.21487603305785125,0.14545454545454545,0.184,0.3722772277227723,0.24612403100775193
