,overall,task_0,task_1,task_2,task_3,task_4
0,0.12,0.2190082644628099,0.03636363636363636,0.092,0.06534653465346535,0.18023255813953487
1,0.15,0.2396694214876033,0.2606060606060606,0.08,0.05148514851485148,0.12403100775193798
2,0.1976,0.16115702479338842,0.3838383838383838,0.26,0.023762376237623763,0.0562015503875969
3,0.1984,0.13636363636363635,0.37777777777777777,0.358,0.09504950495049505,0.05426356589147287
4,0.23,0.09297520661157024,0.29494949494949496,0.32,0.17227722772277226,0.22674418604651161
