,overall,task_0,task_1,task_2,task_3,task_4
0,0.124,0.41115702479338845,0.046464646464646465,0.022,0.02178217821782178,0.06976744186046512
1,0.13,0.2768595041322314,0.23232323232323232,0.02,0.009900990099009901,0.060077519379844964
2,0.13,0.2644628099173554,0.18787878787878787,0.192,0.015841584158415842,0.031007751937984496
3,0.134,0.1756198347107438,0.14545454545454545,0.146,0.10891089108910891,0.031007751937984496
4,0.1376,0.18801652892561985,0.13333333333333333,0.116,0.08316831683168317,0.2189922480620155
