,overall,task_0,task_1,task_2,task_3,task_4
0,0.0964,0.3512396694214876,0.048484848484848485,0.036,0.011881188118811881,0.027131782945736434
1,0.1132,0.27479338842975204,0.2787878787878788,0.024,0.01782178217821782,0.009689922480620155
2,0.1176,0.21487603305785125,0.21212121212121213,0.192,0.011881188118811881,0.01937984496124031
3,0.118,0.15702479338842976,0.12727272727272726,0.132,0.1405940594059406,0.007751937984496124
4,0.1256,0.15495867768595042,0.10101010101010101,0.168,0.08712871287128712,0.12596899224806202
