,overall,task_0,task_1,task_2,task_3,task_4
0,0.118,0.21487603305785125,0.1393939393939394,0.03,0.011881188118811881,0.19573643410852712
1,0.1208,0.21487603305785125,0.13737373737373737,0.034,0.011881188118811881,0.20736434108527133
2,0.1232,0.2190082644628099,0.14545454545454545,0.03,0.011881188118811881,0.21124031007751937
3,0.124,0.22107438016528927,0.14545454545454545,0.03,0.013861386138613862,0.21124031007751937
4,0.1252,0.23553719008264462,0.17777777777777778,0.034,0.013861386138613862,0.1686046511627907
