,overall,task_0,task_1,task_2,task_3,task_4
0,0.1172,0.5909090909090909,0.0,0.0,0.0,0.0
1,0.1468,0.6342975206611571,0.13737373737373737,0.0,0.0,0.0
2,0.1728,0.11363636363636363,0.604040404040404,0.134,0.0,0.0
3,0.208,0.004132231404958678,0.44646464646464645,0.578,0.03762376237623762,0.0
4,0.1932,0.0,0.12525252525252525,0.208,0.5881188118811881,0.040697674418604654
