,overall,task_0,task_1,task_2,task_3,task_4
0,0.112,0.27892561983471076,0.06464646464646465,0.182,0.005940594059405941,0.03682170542635659
1,0.1344,0.1446280991735537,0.40606060606060607,0.11,0.0019801980198019802,0.01744186046511628
2,0.1412,0.10743801652892562,0.23636363636363636,0.36,0.0,0.007751937984496124
3,0.1424,0.10950413223140495,0.23434343434343435,0.302,0.055445544554455446,0.015503875968992248
4,0.1376,0.08677685950413223,0.1717171717171717,0.202,0.04950495049504951,0.17635658914728683
