,overall,task_0,task_1,task_2,task_3,task_4
0,0.1132,0.6033057851239669,0.0,0.0,0.0,0.0
1,0.1236,0.6239669421487604,0.04040404040404041,0.0,0.0,0.0
2,0.1548,0.030991735537190084,0.7212121212121212,0.072,0.0,0.0
3,0.1788,0.006198347107438017,0.17575757575757575,0.7,0.047524752475247525,0.0
4,0.1848,0.0,0.06666666666666667,0.19,0.6653465346534654,0.031007751937984496
