,overall,task_0,task_1,task_2,task_3,task_4
0,0.0856,0.1322314049586777,0.052525252525252523,0.026,0.19405940594059407,0.06589147286821706
1,0.0796,0.14256198347107438,0.06464646464646465,0.026,0.16633663366336635,0.06782945736434108
2,0.078,0.1115702479338843,0.06666666666666667,0.036,0.1504950495049505,0.05813953488372093
3,0.0972,0.15495867768595042,0.046464646464646465,0.046,0.18415841584158416,0.05813953488372093
4,0.0896,0.15289256198347106,0.05656565656565657,0.04,0.20594059405940593,0.05813953488372093
