,overall,task_0,task_1,task_2,task_3,task_4
0,0.1316,0.378099173553719,0.09898989898989899,0.09,0.06534653465346535,0.03682170542635659
1,0.1568,0.40082644628099173,0.3212121212121212,0.026,0.03762376237623762,0.013565891472868217
2,0.1816,0.3367768595041322,0.4101010101010101,0.15,0.01782178217821782,0.007751937984496124
3,0.2044,0.2706611570247934,0.40606060606060607,0.272,0.07920792079207921,0.005813953488372093
4,0.2064,0.19834710743801653,0.3151515151515151,0.266,0.2099009900990099,0.04844961240310078
