,overall,task_0,task_1,task_2,task_3,task_4
0,0.1056,0.44008264462809915,0.012121212121212121,0.048,0.019801980198019802,0.02131782945736434
1,0.1124,0.29338842975206614,0.23434343434343435,0.022,0.009900990099009901,0.013565891472868217
2,0.1304,0.20867768595041322,0.15757575757575756,0.278,0.005940594059405941,0.009689922480620155
3,0.134,0.18801652892561985,0.14545454545454545,0.236,0.09900990099009901,0.007751937984496124
4,0.1264,0.15702479338842976,0.13535353535353536,0.156,0.061386138613861385,0.12403100775193798
