,overall,task_0,task_1,task_2,task_3,task_4
0,0.1348,0.6962809917355371,0.0,0.0,0.0,0.0
1,0.1612,0.7004132231404959,0.1292929292929293,0.0,0.0,0.0
2,0.1804,0.049586776859504134,0.7575757575757576,0.104,0.0,0.0
3,0.2564,0.0,0.49292929292929294,0.68,0.11287128712871287,0.0
4,0.216,0.0,0.1191919191919192,0.148,0.801980198019802,0.003875968992248062
