,overall,task_0,task_1,task_2,task_3,task_4
0,0.144,0.4669421487603306,0.1696969696969697,0.02,0.02178217821782178,0.0562015503875969
1,0.1912,0.5929752066115702,0.35555555555555557,0.008,0.009900990099009901,0.011627906976744186
2,0.1984,0.5020661157024794,0.4121212121212121,0.088,0.0039603960396039604,0.005813953488372093
3,0.222,0.3409090909090909,0.36363636363636365,0.23,0.18217821782178217,0.005813953488372093
4,0.2392,0.25413223140495866,0.26464646464646463,0.21,0.2613861386138614,0.20736434108527133
