,overall,task_0,task_1,task_2,task_3,task_4
0,0.1392,0.31611570247933884,0.03636363636363636,0.148,0.07326732673267326,0.15503875968992248
1,0.1568,0.365702479338843,0.17373737373737375,0.08,0.053465346534653464,0.11627906976744186
2,0.1972,0.28512396694214875,0.2767676767676768,0.362,0.02178217821782178,0.06589147286821706
3,0.2296,0.2334710743801653,0.24848484848484848,0.454,0.201980198019802,0.04844961240310078
4,0.2576,0.17768595041322313,0.1919191919191919,0.394,0.3287128712871287,0.19186046511627908
