,overall,task_0,task_1,task_2,task_3,task_4
0,0.142,0.7334710743801653,0.0,0.0,0.0,0.0
1,0.1532,0.7644628099173554,0.026262626262626262,0.0,0.0,0.0
2,0.1648,0.002066115702479339,0.7797979797979798,0.05,0.0,0.0
3,0.18,0.0,0.2686868686868687,0.63,0.0039603960396039604,0.0
4,0.1444,0.0,0.05454545454545454,0.048,0.5861386138613861,0.027131782945736434
