,overall,task_0,task_1,task_2,task_3,task_4
0,0.1356,0.71900826446281,0.0,0.0,0.0,0.0
1,0.18,0.7603305785123967,0.1393939393939394,0.0,0.0,0.0
2,0.1868,0.10743801652892562,0.795959595959596,0.046,0.0,0.0
3,0.194,0.010330578512396695,0.18585858585858586,0.808,0.04356435643564356,0.0
4,0.172,0.0,0.022222222222222223,0.222,0.5881188118811881,0.02131782945736434
