,overall,task_0,task_1,task_2,task_3,task_4
0,0.1372,0.26239669421487605,0.1111111111111111,0.086,0.10891089108910891,0.08527131782945736
1,0.1772,0.36983471074380164,0.3151515151515151,0.076,0.08118811881188119,0.03682170542635659
2,0.1928,0.3181818181818182,0.40404040404040403,0.18,0.02574257425742574,0.031007751937984496
3,0.2064,0.23760330578512398,0.3474747474747475,0.28,0.24158415841584158,0.009689922480620155
4,0.2384,0.19834710743801653,0.2828282828282828,0.24,0.29108910891089107,0.18410852713178294
