,overall,task_0,task_1,task_2,task_3,task_4
0,0.1432,0.7396694214876033,0.0,0.0,0.0,0.0
1,0.1804,0.7789256198347108,0.1696969696969697,0.0,0.0,0.0
2,0.182,0.1962809917355372,0.6686868686868687,0.05,0.0,0.0
3,0.182,0.014462809917355372,0.24444444444444444,0.614,0.007920792079207921,0.0
4,0.1712,0.002066115702479339,0.044444444444444446,0.126,0.5782178217821782,0.06589147286821706
