,overall,task_0,task_1,task_2,task_3,task_4
0,0.112,0.07231404958677685,0.04242424242424243,0.344,0.0891089108910891,0.013565891472868217
1,0.1092,0.07231404958677685,0.03434343434343434,0.34,0.08712871287128712,0.013565891472868217
2,0.114,0.10950413223140495,0.052525252525252523,0.242,0.13663366336633664,0.031007751937984496
3,0.1168,0.13016528925619836,0.06060606060606061,0.278,0.08118811881188119,0.03682170542635659
4,0.116,0.13016528925619836,0.06060606060606061,0.28,0.08316831683168317,0.029069767441860465
