,overall,task_0,task_1,task_2,task_3,task_4
0,0.136,0.2975206611570248,0.1393939393939394,0.006,0.02574257425742574,0.21511627906976744
1,0.2016,0.3140495867768595,0.6060606060606061,0.002,0.007920792079207921,0.09108527131782945
2,0.228,0.27479338842975204,0.6404040404040404,0.192,0.0,0.046511627906976744
3,0.2532,0.20454545454545456,0.5858585858585859,0.412,0.061386138613861385,0.013565891472868217
4,0.2608,0.13016528925619836,0.4808080808080808,0.39,0.12475247524752475,0.18023255813953487
