,overall,task_0,task_1,task_2,task_3,task_4
0,0.1092,0.3181818181818182,0.08282828282828283,0.064,0.055445544554455446,0.05426356589147287
1,0.1256,0.2024793388429752,0.34949494949494947,0.028,0.031683168316831684,0.027131782945736434
2,0.1388,0.15082644628099173,0.25252525252525254,0.202,0.023762376237623763,0.023255813953488372
3,0.1364,0.10743801652892562,0.1898989898989899,0.17,0.15841584158415842,0.029069767441860465
4,0.1328,0.08677685950413223,0.1595959595959596,0.13,0.14257425742574256,0.15503875968992248
