,overall,task_0,task_1,task_2,task_3,task_4
0,0.1012,0.20867768595041322,0.046464646464646465,0.076,0.09504950495049505,0.09883720930232558
1,0.1344,0.3140495867768595,0.18585858585858586,0.066,0.05148514851485148,0.044573643410852716
2,0.1568,0.2603305785123967,0.26666666666666666,0.25,0.02178217821782178,0.015503875968992248
3,0.1832,0.15702479338842976,0.2868686868686869,0.334,0.11287128712871287,0.009689922480620155
4,0.2008,0.12190082644628099,0.24848484848484848,0.296,0.1702970297029703,0.10852713178294573
