,overall,task_0,task_1,task_2,task_3,task_4
0,0.1188,0.1859504132231405,0.1393939393939394,0.016,0.13465346534653466,0.08914728682170543
1,0.1428,0.17768595041322313,0.3838383838383838,0.004,0.13663366336633664,0.044573643410852716
2,0.152,0.15495867768595042,0.4727272727272727,0.05,0.07722772277227723,0.03294573643410853
3,0.168,0.10950413223140495,0.4404040404040404,0.092,0.14257425742574256,0.029069767441860465
4,0.1612,0.09917355371900827,0.37373737373737376,0.104,0.23366336633663368,0.060077519379844964
