,overall,task_0,task_1,task_2,task_3,task_4
0,0.0976,0.10537190082644628,0.15555555555555556,0.118,0.019801980198019802,0.1375968992248062
1,0.1,0.08677685950413223,0.17777777777777778,0.082,0.015841584158415842,0.12209302325581395
2,0.1016,0.08677685950413223,0.1898989898989899,0.118,0.013861386138613862,0.14147286821705427
3,0.1016,0.1012396694214876,0.1919191919191919,0.11,0.015841584158415842,0.13178294573643412
4,0.0996,0.09297520661157024,0.17575757575757575,0.104,0.007920792079207921,0.1124031007751938
