,overall,task_0,task_1,task_2,task_3,task_4
0,0.102,0.010330578512396695,0.08686868686868687,0.208,0.07128712871287128,0.14534883720930233
1,0.1004,0.022727272727272728,0.05454545454545454,0.194,0.0594059405940594,0.17054263565891473
2,0.1108,0.028925619834710745,0.08080808080808081,0.2,0.061386138613861385,0.14147286821705427
3,0.108,0.028925619834710745,0.10101010101010101,0.214,0.09108910891089109,0.17054263565891473
4,0.1128,0.03925619834710744,0.07676767676767676,0.206,0.07920792079207921,0.16666666666666666
