,overall,task_0,task_1,task_2,task_3,task_4
0,0.094,0.004132231404958678,0.1494949494949495,0.016,0.2633663366336634,0.03488372093023256
1,0.1032,0.006198347107438017,0.18181818181818182,0.018,0.27524752475247527,0.03294573643410853
2,0.1032,0.006198347107438017,0.18383838383838383,0.014,0.27722772277227725,0.03294573643410853
3,0.1076,0.006198347107438017,0.1898989898989899,0.012,0.29504950495049503,0.03294573643410853
4,0.1088,0.006198347107438017,0.18585858585858586,0.012,0.29504950495049503,0.04263565891472868
