,overall,task_0,task_1,task_2,task_3,task_4
0,0.186,0.9400826446280992,0.00404040404040404,0.008,0.0,0.0
1,0.3332,0.8181818181818182,0.7737373737373737,0.048,0.01782178217821782,0.007751937984496124
2,0.47,0.731404958677686,0.6808080808080809,0.794,0.0594059405940594,0.023255813953488372
3,0.5384,0.640495867768595,0.593939393939394,0.708,0.7108910891089109,0.10852713178294573
4,0.6464,0.6652892561983471,0.5858585858585859,0.688,0.6554455445544555,0.6647286821705426
