,overall,task_0,task_1,task_2,task_3,task_4
0,0.1252,0.3367768595041322,0.05454545454545454,0.04,0.14653465346534653,0.06589147286821706
1,0.1624,0.42768595041322316,0.24242424242424243,0.042,0.11089108910891089,0.04844961240310078
2,0.1844,0.40082644628099173,0.33131313131313134,0.088,0.08514851485148515,0.03294573643410853
3,0.2148,0.3305785123966942,0.3090909090909091,0.16,0.2079207920792079,0.011627906976744186
4,0.2124,0.23553719008264462,0.26666666666666666,0.148,0.3425742574257426,0.10077519379844961
