,overall,task_0,task_1,task_2,task_3,task_4
0,0.1328,0.6611570247933884,0.0,0.0,0.0,0.0
1,0.1368,0.6673553719008265,0.06060606060606061,0.0,0.0,0.0
2,0.1652,0.05578512396694215,0.7171717171717171,0.044,0.0,0.0
3,0.1604,0.002066115702479339,0.19393939393939394,0.58,0.01782178217821782,0.0
4,0.1704,0.0,0.07474747474747474,0.092,0.594059405940594,0.06589147286821706
