,overall,task_0,task_1,task_2,task_3,task_4
0,0.1108,0.05165289256198347,0.12323232323232323,0.06,0.17425742574257425,0.08333333333333333
1,0.1008,0.0640495867768595,0.10101010101010101,0.072,0.17227722772277226,0.0872093023255814
2,0.1104,0.04338842975206612,0.10707070707070707,0.066,0.17425742574257425,0.08333333333333333
3,0.1048,0.047520661157024795,0.1292929292929293,0.106,0.16435643564356436,0.1124031007751938
4,0.1168,0.047520661157024795,0.14343434343434344,0.1,0.16831683168316833,0.1375968992248062
