,overall,task_0,task_1,task_2,task_3,task_4
0,0.1288,0.25413223140495866,0.15353535353535352,0.126,0.053465346534653464,0.023255813953488372
1,0.1848,0.34710743801652894,0.45252525252525255,0.096,0.0297029702970297,0.011627906976744186
2,0.2404,0.3140495867768595,0.498989898989899,0.418,0.011881188118811881,0.005813953488372093
3,0.2504,0.24793388429752067,0.44646464646464645,0.57,0.03564356435643564,0.0
4,0.2728,0.1797520661157025,0.4222222222222222,0.584,0.1485148514851485,0.06395348837209303
