,overall,task_0,task_1,task_2,task_3,task_4
0,0.1288,0.6838842975206612,0.0,0.0,0.0,0.0
1,0.1604,0.6921487603305785,0.1111111111111111,0.0,0.0,0.0
2,0.156,0.13429752066115702,0.6404040404040404,0.03,0.0,0.0
3,0.2,0.028925619834710745,0.26262626262626265,0.552,0.10297029702970296,0.0
4,0.1988,0.0,0.03434343434343434,0.196,0.7504950495049505,0.025193798449612403
