,overall,task_0,task_1,task_2,task_3,task_4
0,0.1072,0.36983471074380164,0.08888888888888889,0.026,0.02574257425742574,0.04263565891472868
1,0.1224,0.21487603305785125,0.3292929292929293,0.012,0.0297029702970297,0.03294573643410853
2,0.112,0.16942148760330578,0.2545454545454545,0.126,0.011881188118811881,0.03488372093023256
3,0.1096,0.15495867768595042,0.2,0.076,0.1306930693069307,0.031007751937984496
4,0.1176,0.10743801652892562,0.19797979797979798,0.072,0.09504950495049505,0.17248062015503876
