,overall,task_0,task_1,task_2,task_3,task_4
0,0.1644,0.3739669421487603,0.08080808080808081,0.28,0.1405940594059406,0.023255813953488372
1,0.1988,0.47107438016528924,0.17373737373737375,0.172,0.10693069306930693,0.013565891472868217
2,0.2264,0.44214876033057854,0.23030303030303031,0.402,0.053465346534653464,0.001937984496124031
3,0.2268,0.44008264462809915,0.2202020202020202,0.502,0.041584158415841586,0.0
4,0.2484,0.3677685950413223,0.2101010101010101,0.492,0.12673267326732673,0.03294573643410853
