,overall,task_0,task_1,task_2,task_3,task_4
0,0.0952,0.38016528925619836,0.048484848484848485,0.004,0.027722772277227723,0.025193798449612403
1,0.1112,0.22107438016528927,0.24848484848484848,0.002,0.031683168316831684,0.007751937984496124
2,0.1256,0.1797520661157025,0.3111111111111111,0.094,0.023762376237623763,0.009689922480620155
3,0.126,0.14049586776859505,0.21818181818181817,0.092,0.16237623762376238,0.009689922480620155
4,0.1304,0.12603305785123967,0.16565656565656567,0.084,0.12871287128712872,0.1298449612403101
