,overall,task_0,task_1,task_2,task_3,task_4
0,0.1276,0.16322314049586778,0.13535353535353536,0.058,0.21188118811881188,0.09883720930232558
1,0.1588,0.21487603305785125,0.32323232323232326,0.046,0.1405940594059406,0.10271317829457365
2,0.2048,0.1962809917355372,0.4868686868686869,0.246,0.10495049504950495,0.05813953488372093
3,0.2504,0.15289256198347106,0.3696969696969697,0.346,0.30297029702970296,0.031007751937984496
4,0.2512,0.11776859504132231,0.30505050505050507,0.292,0.31683168316831684,0.23449612403100775
