,overall,task_0,task_1,task_2,task_3,task_4
0,0.1364,0.7107438016528925,0.0,0.0,0.0,0.0
1,0.1724,0.7148760330578512,0.13131313131313133,0.0,0.0,0.0
2,0.154,0.1322314049586777,0.696969696969697,0.032,0.0,0.0
3,0.1724,0.010330578512396695,0.15353535353535352,0.622,0.039603960396039604,0.0
4,0.188,0.0,0.03232323232323232,0.214,0.7049504950495049,0.02131782945736434
