,overall,task_0,task_1,task_2,task_3,task_4
0,0.106,0.20454545454545456,0.07272727272727272,0.142,0.11683168316831684,0.06201550387596899
1,0.1488,0.24173553719008264,0.3151515151515151,0.088,0.06732673267326733,0.040697674418604654
2,0.1964,0.2128099173553719,0.4303030303030303,0.286,0.023762376237623763,0.01937984496124031
3,0.2112,0.20041322314049587,0.4080808080808081,0.362,0.0891089108910891,0.013565891472868217
4,0.2396,0.1652892561983471,0.3797979797979798,0.346,0.19405940594059407,0.1569767441860465
