,overall,task_0,task_1,task_2,task_3,task_4
0,0.15,0.38016528925619836,0.014141414141414142,0.042,0.1504950495049505,0.1686046511627907
1,0.1964,0.4731404958677686,0.29292929292929293,0.024,0.100990099009901,0.10465116279069768
2,0.2276,0.44421487603305787,0.4222222222222222,0.186,0.041584158415841586,0.060077519379844964
3,0.2588,0.3677685950413223,0.37575757575757573,0.258,0.2871287128712871,0.01744186046511628
4,0.2772,0.25,0.28888888888888886,0.2,0.3564356435643564,0.28875968992248063
