,overall,task_0,task_1,task_2,task_3,task_4
0,0.1144,0.19008264462809918,0.06060606060606061,0.166,0.09306930693069307,0.06589147286821706
1,0.1164,0.18801652892561985,0.07676767676767676,0.16,0.09504950495049505,0.06589147286821706
2,0.12,0.18388429752066116,0.08282828282828283,0.166,0.10297029702970296,0.06782945736434108
3,0.1204,0.18388429752066116,0.08686868686868687,0.17,0.09504950495049505,0.06976744186046512
4,0.1208,0.19008264462809918,0.08686868686868687,0.172,0.09108910891089109,0.06782945736434108
