,overall,task_0,task_1,task_2,task_3,task_4
0,0.1144,0.4318181818181818,0.08686868686868687,0.032,0.0297029702970297,0.005813953488372093
1,0.17,0.5289256198347108,0.2828282828282828,0.014,0.041584158415841586,0.001937984496124031
2,0.1984,0.384297520661157,0.3898989898989899,0.212,0.02178217821782178,0.0
3,0.1896,0.20041322314049587,0.3373737373737374,0.306,0.11287128712871287,0.0
4,0.2056,0.14669421487603307,0.30707070707070705,0.3,0.16435643564356436,0.1124031007751938
