,overall,task_0,task_1,task_2,task_3,task_4
0,0.1156,0.06611570247933884,0.09898989898989899,0.316,0.019801980198019802,0.07751937984496124
1,0.1124,0.06818181818181818,0.08484848484848485,0.312,0.02178217821782178,0.0755813953488372
2,0.1164,0.06818181818181818,0.08282828282828283,0.334,0.02178217821782178,0.0755813953488372
3,0.1172,0.06818181818181818,0.08686868686868687,0.338,0.01782178217821782,0.0755813953488372
4,0.1196,0.07024793388429752,0.08888888888888889,0.334,0.01782178217821782,0.0872093023255814
