,overall,task_0,task_1,task_2,task_3,task_4
0,0.1792,0.9090909090909091,0.00202020202020202,0.004,0.0019801980198019802,0.007751937984496124
1,0.366,0.8347107438016529,0.8727272727272727,0.036,0.047524752475247525,0.060077519379844964
2,0.48,0.7913223140495868,0.7858585858585858,0.796,0.04950495049504951,0.03875968992248062
3,0.5812,0.7727272727272727,0.7414141414141414,0.7,0.7405940594059406,0.09496124031007752
4,0.6884,0.6735537190082644,0.6868686868686869,0.64,0.7386138613861386,0.687984496124031
