,overall,task_0,task_1,task_2,task_3,task_4
0,0.114,0.08677685950413223,0.05454545454545454,0.066,0.19405940594059407,0.13178294573643412
1,0.1184,0.1115702479338843,0.08888888888888889,0.056,0.18811881188118812,0.1569767441860465
2,0.1296,0.11570247933884298,0.09090909090909091,0.068,0.1900990099009901,0.1434108527131783
3,0.1148,0.11363636363636363,0.06868686868686869,0.082,0.2198019801980198,0.12790697674418605
4,0.1408,0.10950413223140495,0.12323232323232323,0.086,0.22178217821782178,0.14728682170542637
