,overall,task_0,task_1,task_2,task_3,task_4
0,0.1224,0.22520661157024793,0.07676767676767676,0.044,0.06930693069306931,0.19767441860465115
1,0.148,0.2871900826446281,0.2828282828282828,0.014,0.05148514851485148,0.1124031007751938
2,0.1688,0.18801652892561985,0.4080808080808081,0.178,0.02178217821782178,0.0562015503875969
3,0.1816,0.14049586776859505,0.3878787878787879,0.312,0.047524752475247525,0.027131782945736434
4,0.1848,0.10743801652892562,0.3212121212121212,0.318,0.12871287128712872,0.05232558139534884
