,overall,task_0,task_1,task_2,task_3,task_4
0,0.1164,0.10743801652892562,0.10909090909090909,0.074,0.22376237623762377,0.05426356589147287
1,0.1196,0.13016528925619836,0.1292929292929293,0.062,0.22772277227722773,0.06589147286821706
2,0.1172,0.11983471074380166,0.11313131313131314,0.062,0.22574257425742575,0.06201550387596899
3,0.1096,0.15702479338842976,0.13535353535353536,0.072,0.15841584158415842,0.060077519379844964
4,0.1064,0.14669421487603307,0.14747474747474748,0.06,0.15643564356435644,0.06782945736434108
