,overall,task_0,task_1,task_2,task_3,task_4
0,0.096,0.30785123966942146,0.04040404040404041,0.022,0.047524752475247525,0.06976744186046512
1,0.1116,0.1797520661157025,0.2545454545454545,0.022,0.03564356435643564,0.07170542635658915
2,0.1324,0.13429752066115702,0.2383838383838384,0.242,0.023762376237623763,0.029069767441860465
3,0.1376,0.0743801652892562,0.21212121212121213,0.17,0.2099009900990099,0.023255813953488372
4,0.1348,0.04338842975206612,0.16363636363636364,0.092,0.16831683168316833,0.20155038759689922
