,overall,task_0,task_1,task_2,task_3,task_4
0,0.1388,0.3243801652892562,0.05656565656565657,0.186,0.09702970297029703,0.023255813953488372
1,0.1676,0.378099173553719,0.2080808080808081,0.15,0.09108910891089109,0.03294573643410853
2,0.2232,0.3140495867768595,0.3111111111111111,0.342,0.061386138613861385,0.013565891472868217
3,0.2332,0.24173553719008264,0.2767676767676768,0.498,0.12079207920792079,0.01937984496124031
4,0.2344,0.2024793388429752,0.2545454545454545,0.464,0.25544554455445545,0.07945736434108527
