,overall,task_0,task_1,task_2,task_3,task_4
0,0.1436,0.7417355371900827,0.0,0.0,0.0,0.0
1,0.1696,0.7582644628099173,0.11515151515151516,0.0,0.0,0.0
2,0.1772,0.006198347107438017,0.8565656565656565,0.032,0.0,0.0
3,0.1908,0.0,0.24848484848484848,0.682,0.02574257425742574,0.0
4,0.1704,0.0,0.06464646464646465,0.04,0.7089108910891089,0.031007751937984496
