,overall,task_0,task_1,task_2,task_3,task_4
0,0.1388,0.40082644628099173,0.06060606060606061,0.094,0.047524752475247525,0.1124031007751938
1,0.1712,0.4628099173553719,0.21212121212121213,0.064,0.039603960396039604,0.06976744186046512
2,0.1976,0.45454545454545453,0.34949494949494947,0.136,0.02178217821782178,0.04844961240310078
3,0.2156,0.365702479338843,0.31717171717171716,0.238,0.17227722772277226,0.04263565891472868
4,0.2304,0.2830578512396694,0.24646464646464647,0.216,0.2712871287128713,0.2054263565891473
