,overall,task_0,task_1,task_2,task_3,task_4
0,0.1092,0.371900826446281,0.03434343434343434,0.048,0.007920792079207921,0.09302325581395349
1,0.1724,0.371900826446281,0.44242424242424244,0.018,0.0039603960396039604,0.040697674418604654
2,0.2144,0.24173553719008264,0.5656565656565656,0.266,0.005940594059405941,0.005813953488372093
3,0.2144,0.16322314049586778,0.5131313131313131,0.37,0.031683168316831684,0.003875968992248062
4,0.2496,0.12396694214876033,0.45454545454545453,0.37,0.12673267326732673,0.1744186046511628
