,overall,task_0,task_1,task_2,task_3,task_4
0,0.1916,0.9462809917355371,0.00404040404040404,0.016,0.0039603960396039604,0.013565891472868217
1,0.3508,0.8657024793388429,0.8464646464646465,0.032,0.03564356435643564,0.040697674418604654
2,0.4724,0.7871900826446281,0.7676767676767676,0.774,0.02574257425742574,0.05813953488372093
3,0.5864,0.6776859504132231,0.7111111111111111,0.672,0.7425742574257426,0.09108527131782945
4,0.6716,0.6797520661157025,0.6828282828282828,0.67,0.7049504950495049,0.7015503875968992
