,overall,task_0,task_1,task_2,task_3,task_4
0,0.1144,0.40289256198347106,0.08484848484848485,0.048,0.06732673267326733,0.03488372093023256
1,0.1332,0.2768595041322314,0.2808080808080808,0.03,0.04950495049504951,0.015503875968992248
2,0.128,0.21487603305785125,0.20202020202020202,0.18,0.031683168316831684,0.009689922480620155
3,0.1272,0.18181818181818182,0.15757575757575756,0.13,0.15247524752475247,0.01937984496124031
4,0.142,0.13636363636363635,0.1393939393939394,0.1,0.11683168316831684,0.12790697674418605
