,overall,task_0,task_1,task_2,task_3,task_4
0,0.1828,0.9338842975206612,0.0,0.004,0.005940594059405941,0.003875968992248062
1,0.354,0.8305785123966942,0.8909090909090909,0.02,0.027722772277227723,0.040697674418604654
2,0.4688,0.743801652892562,0.8181818181818182,0.814,0.023762376237623763,0.03875968992248062
3,0.5872,0.6487603305785123,0.7858585858585858,0.73,0.7287128712871287,0.07945736434108527
4,0.6764,0.6115702479338843,0.7151515151515152,0.67,0.6871287128712872,0.7558139534883721
