,overall,task_0,task_1,task_2,task_3,task_4
0,0.1408,0.7272727272727273,0.0,0.0,0.0,0.0
1,0.1604,0.6859504132231405,0.1393939393939394,0.0,0.0,0.0
2,0.1804,0.010330578512396695,0.8646464646464647,0.036,0.0,0.0
3,0.1968,0.0,0.24848484848484848,0.738,0.0,0.0
4,0.1664,0.0,0.04242424242424243,0.084,0.693069306930693,0.005813953488372093
