,overall,task_0,task_1,task_2,task_3,task_4
0,0.124,0.3119834710743802,0.08484848484848485,0.062,0.06930693069306931,0.0872093023255814
1,0.1588,0.32231404958677684,0.301010101010101,0.044,0.06534653465346535,0.06589147286821706
2,0.1632,0.24173553719008264,0.4202020202020202,0.148,0.0297029702970297,0.01937984496124031
3,0.17,0.18801652892561985,0.39191919191919194,0.204,0.04950495049504951,0.015503875968992248
4,0.1772,0.15082644628099173,0.3595959595959596,0.232,0.1306930693069307,0.046511627906976744
