,overall,task_0,task_1,task_2,task_3,task_4
0,0.1656,0.8553719008264463,0.0,0.0,0.0,0.0
1,0.1784,0.8553719008264463,0.06464646464646465,0.0,0.0,0.0
2,0.1888,0.049586776859504134,0.8909090909090909,0.014,0.0,0.0
3,0.1936,0.006198347107438017,0.11515151515151516,0.816,0.031683168316831684,0.0
4,0.18,0.0,0.0,0.21,0.6772277227722773,0.005813953488372093
