,overall,task_0,task_1,task_2,task_3,task_4
0,0.0996,0.1590909090909091,0.05858585858585859,0.124,0.16435643564356436,0.05426356589147287
1,0.1052,0.13636363636363635,0.08888888888888889,0.094,0.1485148514851485,0.0562015503875969
2,0.1012,0.1487603305785124,0.06666666666666667,0.12,0.1782178217821782,0.04263565891472868
3,0.1044,0.1446280991735537,0.0707070707070707,0.128,0.10297029702970296,0.046511627906976744
4,0.1108,0.1487603305785124,0.08888888888888889,0.12,0.14257425742574256,0.0562015503875969
