,overall,task_0,task_1,task_2,task_3,task_4
0,0.154,0.5351239669421488,0.10909090909090909,0.052,0.01782178217821782,0.07170542635658915
1,0.2012,0.6714876033057852,0.26262626262626265,0.048,0.005940594059405941,0.040697674418604654
2,0.2292,0.6363636363636364,0.3717171717171717,0.134,0.0019801980198019802,0.025193798449612403
3,0.2644,0.5351239669421488,0.3434343434343434,0.342,0.11287128712871287,0.007751937984496124
4,0.268,0.4690082644628099,0.27070707070707073,0.332,0.19405940594059407,0.0872093023255814
