,overall,task_0,task_1,task_2,task_3,task_4
0,0.1844,0.9338842975206612,0.01616161616161616,0.002,0.0,0.001937984496124031
1,0.3476,0.8512396694214877,0.8585858585858586,0.034,0.007920792079207921,0.06395348837209303
2,0.492,0.7871900826446281,0.7575757575757576,0.816,0.031683168316831684,0.10465116279069768
3,0.5928,0.7458677685950413,0.7090909090909091,0.686,0.7306930693069307,0.10465116279069768
4,0.6888,0.7107438016528925,0.7151515151515152,0.682,0.6534653465346535,0.686046511627907
