,overall,task_0,task_1,task_2,task_3,task_4
0,0.1812,0.9380165289256198,0.0,0.0,0.0,0.0
1,0.3472,0.8863636363636364,0.8686868686868687,0.0,0.0,0.0
2,0.4696,0.8140495867768595,0.802020202020202,0.804,0.0,0.0
3,0.5844,0.75,0.7717171717171717,0.678,0.7326732673267327,0.0
4,0.6728,0.7004132231404959,0.6909090909090909,0.62,0.7049504950495049,0.6937984496124031
