,overall,task_0,task_1,task_2,task_3,task_4
0,0.18,0.9194214876033058,0.0,0.0,0.0,0.0
1,0.3244,0.8078512396694215,0.8545454545454545,0.0,0.0,0.0
2,0.446,0.731404958677686,0.7494949494949495,0.78,0.0,0.0
3,0.5696,0.6508264462809917,0.6767676767676768,0.678,0.7425742574257426,0.0
4,0.668,0.6301652892561983,0.6787878787878788,0.654,0.6653465346534654,0.7422480620155039
