,overall,task_0,task_1,task_2,task_3,task_4
0,0.128,0.3512396694214876,0.09090909090909091,0.032,0.027722772277227723,0.14534883720930233
1,0.1956,0.390495867768595,0.48282828282828283,0.018,0.011881188118811881,0.08914728682170543
2,0.2328,0.29958677685950413,0.5414141414141415,0.296,0.005940594059405941,0.03488372093023256
3,0.2648,0.22520661157024793,0.5111111111111111,0.486,0.09702970297029703,0.015503875968992248
4,0.2868,0.16115702479338842,0.35555555555555557,0.4,0.2079207920792079,0.3062015503875969
