,overall,task_0,task_1,task_2,task_3,task_4
0,0.11,0.22727272727272727,0.03434343434343434,0.108,0.08712871287128712,0.05232558139534884
1,0.1236,0.14049586776859505,0.3111111111111111,0.05,0.07128712871287128,0.03294573643410853
2,0.124,0.12603305785123967,0.20404040404040405,0.276,0.039603960396039604,0.01937984496124031
3,0.1264,0.07644628099173553,0.10505050505050505,0.198,0.25346534653465347,0.01744186046511628
4,0.1176,0.06198347107438017,0.10707070707070707,0.13,0.17425742574257425,0.1511627906976744
