,overall,task_0,task_1,task_2,task_3,task_4
0,0.118,0.6074380165289256,0.0,0.0,0.0,0.0
1,0.166,0.6074380165289256,0.23636363636363636,0.0,0.0,0.0
2,0.1664,0.0743801652892562,0.701010101010101,0.054,0.0,0.0
3,0.22,0.0,0.509090909090909,0.534,0.0594059405940594,0.0
4,0.196,0.0,0.15353535353535352,0.188,0.6356435643564357,0.01937984496124031
