,overall,task_0,task_1,task_2,task_3,task_4
0,0.098,0.23553719008264462,0.05454545454545454,0.096,0.1405940594059406,0.02131782945736434
1,0.1232,0.12603305785123967,0.30707070707070705,0.07,0.08514851485148515,0.007751937984496124
2,0.128,0.08884297520661157,0.21818181818181817,0.26,0.03564356435643564,0.013565891472868217
3,0.132,0.05165289256198347,0.15555555555555556,0.174,0.300990099009901,0.007751937984496124
4,0.1204,0.030991735537190084,0.13535353535353536,0.142,0.25346534653465347,0.08527131782945736
