,overall,task_0,task_1,task_2,task_3,task_4
0,0.1312,0.6611570247933884,0.0,0.0,0.0,0.0
1,0.1444,0.6714876033057852,0.03232323232323232,0.0,0.0,0.0
2,0.1468,0.049586776859504134,0.5959595959595959,0.058,0.0,0.0
3,0.1628,0.008264462809917356,0.2404040404040404,0.594,0.019801980198019802,0.0
4,0.162,0.0,0.08484848484848485,0.094,0.5445544554455446,0.08527131782945736
