,overall,task_0,task_1,task_2,task_3,task_4
0,0.1788,0.9194214876033058,0.0,0.0,0.0,0.0
1,0.3296,0.8388429752066116,0.8787878787878788,0.0,0.0,0.0
2,0.4724,0.7727272727272727,0.8080808080808081,0.806,0.0,0.0
3,0.5816,0.6962809917355371,0.7616161616161616,0.726,0.7742574257425743,0.0
4,0.6796,0.6466942148760331,0.6909090909090909,0.66,0.7069306930693069,0.6744186046511628
