,overall,task_0,task_1,task_2,task_3,task_4
0,0.1028,0.30578512396694213,0.04040404040404041,0.008,0.0,0.16472868217054262
1,0.112,0.22933884297520662,0.2222222222222222,0.006,0.0,0.10852713178294573
2,0.1116,0.18388429752066116,0.19595959595959597,0.128,0.0,0.0562015503875969
3,0.1104,0.1652892561983471,0.17777777777777778,0.128,0.047524752475247525,0.03875968992248062
4,0.1156,0.06818181818181818,0.08282828282828283,0.064,0.011881188118811881,0.3430232558139535
