,overall,task_0,task_1,task_2,task_3,task_4
0,0.1068,0.384297520661157,0.06868686868686869,0.002,0.08514851485148515,0.005813953488372093
1,0.1184,0.33884297520661155,0.20202020202020202,0.002,0.05742574257425743,0.003875968992248062
2,0.1132,0.26239669421487605,0.1898989898989899,0.072,0.04950495049504951,0.001937984496124031
3,0.1308,0.1384297520661157,0.12121212121212122,0.032,0.36435643564356435,0.0
4,0.1132,0.10743801652892562,0.11717171717171718,0.03,0.19801980198019803,0.1124031007751938
