,overall,task_0,task_1,task_2,task_3,task_4
0,0.12,0.26859504132231404,0.1919191919191919,0.028,0.03564356435643564,0.06589147286821706
1,0.152,0.3037190082644628,0.3898989898989899,0.02,0.019801980198019802,0.03682170542635659
2,0.194,0.2809917355371901,0.5212121212121212,0.126,0.03564356435643564,0.01937984496124031
3,0.204,0.2066115702479339,0.4767676767676768,0.212,0.100990099009901,0.011627906976744186
4,0.228,0.15702479338842976,0.44646464646464645,0.202,0.1603960396039604,0.17248062015503876
