,overall,task_0,task_1,task_2,task_3,task_4
0,0.1388,0.6838842975206612,0.0,0.0,0.0,0.0
1,0.1624,0.7520661157024794,0.09292929292929293,0.0,0.0,0.0
2,0.1472,0.07851239669421488,0.6484848484848484,0.03,0.0,0.0
3,0.1552,0.006198347107438017,0.21818181818181817,0.548,0.04356435643564356,0.0
4,0.1676,0.010330578512396695,0.05454545454545454,0.05,0.6376237623762376,0.06589147286821706
