,overall,task_0,task_1,task_2,task_3,task_4
0,0.0912,0.14049586776859505,0.05454545454545454,0.01,0.09702970297029703,0.15310077519379844
1,0.1344,0.06611570247933884,0.4444444444444444,0.008,0.061386138613861385,0.09496124031007752
2,0.12,0.05371900826446281,0.30505050505050507,0.166,0.02178217821782178,0.0562015503875969
3,0.1484,0.026859504132231406,0.20202020202020202,0.084,0.403960396039604,0.023255813953488372
4,0.1252,0.010330578512396695,0.13333333333333333,0.05,0.18217821782178217,0.24224806201550386
