,overall,task_0,task_1,task_2,task_3,task_4
0,0.1096,0.36363636363636365,0.09494949494949495,0.012,0.02574257425742574,0.06201550387596899
1,0.1264,0.23140495867768596,0.3515151515151515,0.002,0.009900990099009901,0.046511627906976744
2,0.1276,0.15289256198347106,0.26464646464646463,0.196,0.011881188118811881,0.01937984496124031
3,0.1388,0.10950413223140495,0.18585858585858586,0.172,0.20396039603960395,0.025193798449612403
4,0.1244,0.05165289256198347,0.13737373737373737,0.086,0.15643564356435644,0.18604651162790697
