,overall,task_0,task_1,task_2,task_3,task_4
0,0.1188,0.3140495867768595,0.04040404040404041,0.176,0.03762376237623762,0.03488372093023256
1,0.1616,0.38636363636363635,0.24242424242424243,0.132,0.023762376237623763,0.015503875968992248
2,0.2188,0.3409090909090909,0.35555555555555557,0.36,0.007920792079207921,0.009689922480620155
3,0.2276,0.2231404958677686,0.37373737373737376,0.506,0.07128712871287128,0.011627906976744186
4,0.2468,0.2396694214876033,0.298989898989899,0.496,0.11287128712871287,0.1744186046511628
