,overall,task_0,task_1,task_2,task_3,task_4
0,0.136,0.7024793388429752,0.0,0.0,0.0,0.0
1,0.1552,0.7396694214876033,0.06060606060606061,0.0,0.0,0.0
2,0.18,0.05165289256198347,0.7696969696969697,0.088,0.0,0.0
3,0.176,0.008264462809917356,0.16767676767676767,0.682,0.023762376237623763,0.0
4,0.188,0.0,0.022222222222222223,0.18,0.693069306930693,0.03682170542635659
