,overall,task_0,task_1,task_2,task_3,task_4
0,0.09,0.3181818181818182,0.1111111111111111,0.02,0.03564356435643564,0.02131782945736434
1,0.1288,0.1590909090909091,0.37777777777777777,0.006,0.041584158415841586,0.013565891472868217
2,0.1168,0.1590909090909091,0.25656565656565655,0.138,0.03564356435643564,0.013565891472868217
3,0.1324,0.11363636363636363,0.22828282828282828,0.08,0.17227722772277226,0.005813953488372093
4,0.1372,0.08884297520661157,0.17777777777777778,0.076,0.15643564356435644,0.12403100775193798
