,overall,task_0,task_1,task_2,task_3,task_4
0,0.1312,0.6570247933884298,0.0,0.0,0.0,0.0
1,0.1588,0.6652892561983471,0.10101010101010101,0.0,0.0,0.0
2,0.1572,0.07024793388429752,0.6424242424242425,0.052,0.0,0.0
3,0.1844,0.022727272727272728,0.18787878787878787,0.612,0.07128712871287128,0.0
4,0.19,0.002066115702479339,0.028282828282828285,0.218,0.5683168316831683,0.11627906976744186
