,overall,task_0,task_1,task_2,task_3,task_4
0,0.1156,0.29132231404958675,0.052525252525252523,0.196,0.04356435643564356,0.003875968992248062
1,0.1004,0.19008264462809918,0.18585858585858586,0.106,0.02178217821782178,0.005813953488372093
2,0.1236,0.08884297520661157,0.1111111111111111,0.412,0.007920792079207921,0.001937984496124031
3,0.126,0.06818181818181818,0.10505050505050505,0.264,0.19207920792079208,0.001937984496124031
4,0.1312,0.05371900826446281,0.10505050505050505,0.226,0.17425742574257425,0.09496124031007752
