,overall,task_0,task_1,task_2,task_3,task_4
0,0.1812,0.9028925619834711,0.00404040404040404,0.0,0.005940594059405941,0.001937984496124031
1,0.3456,0.8140495867768595,0.8767676767676768,0.01,0.03564356435643564,0.023255813953488372
2,0.4644,0.7582644628099173,0.7434343434343434,0.792,0.047524752475247525,0.03875968992248062
3,0.5776,0.6859504132231405,0.7070707070707071,0.682,0.7287128712871287,0.06976744186046512
4,0.6796,0.6818181818181818,0.6646464646464646,0.668,0.6831683168316832,0.7228682170542635
