,overall,task_0,task_1,task_2,task_3,task_4
0,0.0988,0.34297520661157027,0.07878787878787878,0.012,0.027722772277227723,0.03488372093023256
1,0.1084,0.1652892561983471,0.298989898989899,0.016,0.009900990099009901,0.009689922480620155
2,0.1044,0.1446280991735537,0.25656565656565655,0.112,0.013861386138613862,0.023255813953488372
3,0.0996,0.13016528925619836,0.20606060606060606,0.082,0.12673267326732673,0.01744186046511628
4,0.1156,0.10537190082644628,0.16363636363636364,0.074,0.09900990099009901,0.12596899224806202
