,overall,task_0,task_1,task_2,task_3,task_4
0,0.142,0.7458677685950413,0.0,0.0,0.0,0.0
1,0.1716,0.7789256198347108,0.09494949494949495,0.0,0.0,0.0
2,0.1692,0.18801652892561985,0.5858585858585859,0.04,0.0,0.0
3,0.1432,0.022727272727272728,0.1717171717171717,0.56,0.01782178217821782,0.0
4,0.1624,0.004132231404958678,0.046464646464646465,0.156,0.5762376237623762,0.050387596899224806
