,overall,task_0,task_1,task_2,task_3,task_4
0,0.1388,0.7148760330578512,0.0,0.0,0.0,0.0
1,0.1836,0.7479338842975206,0.19595959595959597,0.0,0.0,0.0
2,0.1732,0.05991735537190083,0.7151515151515152,0.038,0.0,0.0
3,0.1796,0.010330578512396695,0.25656565656565655,0.566,0.041584158415841586,0.0
4,0.1928,0.012396694214876033,0.12323232323232323,0.096,0.6811881188118812,0.06201550387596899
