,overall,task_0,task_1,task_2,task_3,task_4
0,0.1372,0.7004132231404959,0.0,0.0,0.0,0.0
1,0.1528,0.6962809917355371,0.09090909090909091,0.0,0.0,0.0
2,0.178,0.08677685950413223,0.7191919191919192,0.142,0.0,0.0
3,0.2216,0.004132231404958678,0.2404040404040404,0.758,0.027722772277227723,0.0
4,0.2084,0.0,0.09494949494949495,0.212,0.693069306930693,0.06201550387596899
