,overall,task_0,task_1,task_2,task_3,task_4
0,0.0976,0.10950413223140495,0.07878787878787878,0.076,0.009900990099009901,0.21124031007751937
1,0.1044,0.13429752066115702,0.07474747474747474,0.084,0.013861386138613862,0.2131782945736434
2,0.1056,0.13429752066115702,0.07878787878787878,0.082,0.013861386138613862,0.21705426356589147
3,0.1064,0.1322314049586777,0.07878787878787878,0.08,0.019801980198019802,0.2189922480620155
4,0.1128,0.14669421487603307,0.08484848484848485,0.096,0.02178217821782178,0.2131782945736434
