,overall,task_0,task_1,task_2,task_3,task_4
0,0.1536,0.7933884297520661,0.0,0.0,0.0,0.0
1,0.1716,0.7892561983471075,0.09494949494949495,0.0,0.0,0.0
2,0.1728,0.01859504132231405,0.8343434343434344,0.02,0.0,0.0
3,0.212,0.0,0.2727272727272727,0.784,0.005940594059405941,0.0
4,0.2188,0.0,0.08888888888888889,0.256,0.7326732673267327,0.009689922480620155
