,overall,task_0,task_1,task_2,task_3,task_4
0,0.1316,0.6818181818181818,0.0,0.0,0.0,0.0
1,0.1492,0.6487603305785123,0.11313131313131314,0.0,0.0,0.0
2,0.1764,0.07024793388429752,0.6464646464646465,0.158,0.0,0.0
3,0.1844,0.002066115702479339,0.2383838383838384,0.72,0.0019801980198019802,0.0
4,0.1644,0.002066115702479339,0.08686868686868687,0.126,0.5861386138613861,0.09302325581395349
