,overall,task_0,task_1,task_2,task_3,task_4
0,0.1828,0.9524793388429752,0.0,0.0,0.0,0.0
1,0.3336,0.8615702479338843,0.8666666666666667,0.0,0.0,0.0
2,0.4612,0.8161157024793388,0.7595959595959596,0.788,0.0,0.0
3,0.5648,0.6859504132231405,0.7191919191919192,0.686,0.7306930693069307,0.0
4,0.666,0.6487603305785123,0.6626262626262627,0.632,0.691089108910891,0.689922480620155
