,overall,task_0,task_1,task_2,task_3,task_4
0,0.096,0.06198347107438017,0.2101010101010101,0.104,0.07326732673267326,0.03294573643410853
1,0.1004,0.06818181818181818,0.19393939393939394,0.112,0.08514851485148515,0.044573643410852716
2,0.1024,0.08264462809917356,0.21212121212121213,0.078,0.09306930693069307,0.04844961240310078
3,0.1048,0.08264462809917356,0.21616161616161617,0.078,0.100990099009901,0.04844961240310078
4,0.1052,0.08264462809917356,0.21212121212121213,0.076,0.100990099009901,0.0562015503875969
