,overall,task_0,task_1,task_2,task_3,task_4
0,0.1384,0.7231404958677686,0.0,0.0,0.0,0.0
1,0.1648,0.7210743801652892,0.11515151515151516,0.0,0.0,0.0
2,0.1808,0.10950413223140495,0.795959595959596,0.036,0.0,0.0
3,0.1976,0.01859504132231405,0.21414141414141413,0.75,0.01782178217821782,0.0
4,0.168,0.002066115702479339,0.012121212121212121,0.192,0.5801980198019802,0.027131782945736434
