,overall,task_0,task_1,task_2,task_3,task_4
0,0.1808,0.9380165289256198,0.0,0.0,0.0,0.0
1,0.3332,0.8202479338842975,0.8707070707070707,0.0,0.0,0.0
2,0.4616,0.756198347107438,0.7676767676767676,0.804,0.0,0.0
3,0.5596,0.6900826446280992,0.6868686868686869,0.714,0.7247524752475247,0.0
4,0.6588,0.6239669421487604,0.6606060606060606,0.692,0.6297029702970297,0.7151162790697675
