,overall,task_0,task_1,task_2,task_3,task_4
0,0.1316,0.3037190082644628,0.11717171717171718,0.036,0.12475247524752475,0.04263565891472868
1,0.1352,0.384297520661157,0.22828282828282828,0.03,0.08316831683168317,0.023255813953488372
2,0.1536,0.3450413223140496,0.301010101010101,0.06,0.04950495049504951,0.01744186046511628
3,0.162,0.27479338842975204,0.298989898989899,0.084,0.1603960396039604,0.02131782945736434
4,0.1824,0.1921487603305785,0.27474747474747474,0.066,0.2891089108910891,0.10271317829457365
