,overall,task_0,task_1,task_2,task_3,task_4
0,0.1256,0.09504132231404959,0.2767676767676768,0.026,0.019801980198019802,0.20930232558139536
1,0.1348,0.09090909090909091,0.32727272727272727,0.026,0.02178217821782178,0.20736434108527133
2,0.1352,0.09090909090909091,0.32727272727272727,0.03,0.02178217821782178,0.2054263565891473
3,0.1352,0.09297520661157024,0.33131313131313134,0.03,0.019801980198019802,0.20155038759689922
4,0.134,0.09917355371900827,0.35555555555555557,0.034,0.023762376237623763,0.15891472868217055
