,overall,task_0,task_1,task_2,task_3,task_4
0,0.1508,0.41115702479338845,0.06262626262626263,0.134,0.0297029702970297,0.14728682170542637
1,0.1756,0.5599173553719008,0.13131313131313133,0.096,0.019801980198019802,0.09108527131782945
2,0.198,0.5165289256198347,0.2080808080808081,0.206,0.011881188118811881,0.04844961240310078
3,0.216,0.4690082644628099,0.24646464646464647,0.316,0.027722772277227723,0.03682170542635659
4,0.226,0.42355371900826444,0.18787878787878787,0.292,0.055445544554455446,0.16279069767441862
