,overall,task_0,task_1,task_2,task_3,task_4
0,0.1784,0.9318181818181818,0.0,0.0,0.0,0.0
1,0.3396,0.8347107438016529,0.896969696969697,0.0,0.0,0.0
2,0.4752,0.78099173553719,0.7898989898989899,0.792,0.0,0.0
3,0.5804,0.7107438016528925,0.7454545454545455,0.72,0.7326732673267327,0.0
4,0.678,0.6735537190082644,0.694949494949495,0.672,0.695049504950495,0.7112403100775194
