,overall,task_0,task_1,task_2,task_3,task_4
0,0.134,0.6342975206611571,0.00404040404040404,0.032,0.015841584158415842,0.003875968992248062
1,0.152,0.7004132231404959,0.06262626262626263,0.01,0.0039603960396039604,0.005813953488372093
2,0.2108,0.47107438016528924,0.2222222222222222,0.374,0.0019801980198019802,0.001937984496124031
3,0.2408,0.3285123966942149,0.20606060606060606,0.534,0.14653465346534653,0.0
4,0.2548,0.26859504132231404,0.17777777777777778,0.474,0.31485148514851485,0.044573643410852716
