,overall,task_0,task_1,task_2,task_3,task_4
0,0.116,0.5785123966942148,0.0,0.0,0.0,0.0
1,0.1444,0.53099173553719,0.12727272727272726,0.0,0.0,0.0
2,0.1596,0.030991735537190084,0.7717171717171717,0.048,0.0,0.0
3,0.192,0.002066115702479339,0.16767676767676767,0.666,0.08118811881188119,0.0
4,0.1592,0.0,0.04242424242424243,0.17,0.594059405940594,0.02131782945736434
