,overall,task_0,task_1,task_2,task_3,task_4
0,0.1052,0.14669421487603307,0.26262626262626265,0.01,0.07326732673267326,0.03875968992248062
1,0.1128,0.15495867768595042,0.29494949494949496,0.012,0.06930693069306931,0.03875968992248062
2,0.112,0.15495867768595042,0.298989898989899,0.004,0.06930693069306931,0.03875968992248062
3,0.1156,0.16115702479338842,0.30303030303030304,0.004,0.07722772277227723,0.03875968992248062
4,0.1196,0.1590909090909091,0.30303030303030304,0.004,0.07524752475247524,0.06201550387596899
