,overall,task_0,task_1,task_2,task_3,task_4
0,0.1836,0.9524793388429752,0.0,0.0,0.0,0.0
1,0.3216,0.8347107438016529,0.8121212121212121,0.0,0.0,0.0
2,0.4408,0.7417355371900827,0.703030303030303,0.816,0.0,0.0
3,0.5376,0.6487603305785123,0.6202020202020202,0.7,0.7207920792079208,0.0
4,0.638,0.6012396694214877,0.6242424242424243,0.662,0.6435643564356436,0.6162790697674418
