,overall,task_0,task_1,task_2,task_3,task_4
0,0.1252,0.10950413223140495,0.1717171717171717,0.07,0.011881188118811881,0.2596899224806202
1,0.1332,0.10743801652892562,0.1797979797979798,0.076,0.011881188118811881,0.2868217054263566
2,0.134,0.10330578512396695,0.18383838383838383,0.08,0.009900990099009901,0.28875968992248063
3,0.134,0.10330578512396695,0.18383838383838383,0.08,0.009900990099009901,0.28875968992248063
4,0.1344,0.1115702479338843,0.19393939393939394,0.088,0.009900990099009901,0.2655038759689923
