,overall,task_0,task_1,task_2,task_3,task_4
0,0.1524,0.7871900826446281,0.0,0.0,0.0,0.0
1,0.1796,0.8202479338842975,0.10505050505050505,0.0,0.0,0.0
2,0.1596,0.05991735537190083,0.7414141414141414,0.006,0.0,0.0
3,0.1872,0.0,0.1717171717171717,0.732,0.033663366336633666,0.0
4,0.1856,0.0,0.00808080808080808,0.132,0.7782178217821782,0.001937984496124031
