,overall,task_0,task_1,task_2,task_3,task_4
0,0.1272,0.6053719008264463,0.0,0.0,0.0,0.0
1,0.1544,0.6880165289256198,0.1393939393939394,0.0,0.0,0.0
2,0.1604,0.08677685950413223,0.6989898989898989,0.044,0.0,0.0
3,0.1864,0.01652892561983471,0.23434343434343435,0.604,0.08118811881188119,0.0
4,0.1864,0.0,0.050505050505050504,0.226,0.6059405940594059,0.031007751937984496
