,overall,task_0,task_1,task_2,task_3,task_4
0,0.5632,0.6632231404958677,0.6101010101010101,0.556,0.5128712871287129,0.5290697674418605
1,0.5444,0.6384297520661157,0.6242424242424243,0.55,0.502970297029703,0.5271317829457365
2,0.5504,0.6012396694214877,0.6222222222222222,0.532,0.4871287128712871,0.5038759689922481
3,0.554,0.621900826446281,0.6303030303030303,0.544,0.5069306930693069,0.5329457364341085
4,0.5656,0.6528925619834711,0.5858585858585859,0.51,0.49306930693069306,0.5232558139534884
