,overall,task_0,task_1,task_2,task_3,task_4
0,0.5844,0.5723140495867769,0.5757575757575758,0.558,0.5485148514851486,0.6007751937984496
1,0.5796,0.5702479338842975,0.593939393939394,0.56,0.5821782178217821,0.6085271317829457
2,0.5728,0.5537190082644629,0.5777777777777777,0.584,0.5900990099009901,0.6007751937984496
3,0.5752,0.5785123966942148,0.602020202020202,0.584,0.596039603960396,0.5910852713178295
4,0.5852,0.5599173553719008,0.5757575757575758,0.566,0.5861386138613861,0.5968992248062015
