,overall,task_0,task_1,task_2,task_3,task_4
0,0.5728,0.5351239669421488,0.6080808080808081,0.628,0.5207920792079208,0.5891472868217055
1,0.558,0.5165289256198347,0.6242424242424243,0.64,0.5564356435643565,0.5678294573643411
2,0.568,0.5247933884297521,0.6060606060606061,0.624,0.5168316831683168,0.5794573643410853
3,0.5724,0.5144628099173554,0.597979797979798,0.634,0.5366336633663367,0.5813953488372093
4,0.5672,0.5351239669421488,0.6161616161616161,0.628,0.5287128712871287,0.5678294573643411
