,overall,task_0,task_1,task_2,task_3,task_4
0,0.5696,0.43388429752066116,0.6666666666666666,0.514,0.5168316831683168,0.6472868217054264
1,0.5636,0.4690082644628099,0.6747474747474748,0.544,0.5445544554455446,0.6375968992248062
2,0.5756,0.4462809917355372,0.6767676767676768,0.556,0.5089108910891089,0.6472868217054264
3,0.5728,0.4607438016528926,0.6606060606060606,0.55,0.5227722772277228,0.6434108527131783
4,0.5756,0.4628099173553719,0.6565656565656566,0.536,0.5207920792079208,0.6298449612403101
