,overall,task_0,task_1,task_2,task_3,task_4
0,0.556,0.493801652892562,0.6262626262626263,0.588,0.6178217821782178,0.48643410852713176
1,0.5484,0.48140495867768596,0.6080808080808081,0.602,0.6039603960396039,0.4883720930232558
2,0.5668,0.48760330578512395,0.6282828282828283,0.596,0.6316831683168317,0.48255813953488375
3,0.566,0.5041322314049587,0.6484848484848484,0.578,0.6316831683168317,0.47093023255813954
4,0.5612,0.49173553719008267,0.6404040404040404,0.542,0.6316831683168317,0.4748062015503876
