,overall,task_0,task_1,task_2,task_3,task_4
0,0.5536,0.6053719008264463,0.5797979797979798,0.506,0.5326732673267327,0.5833333333333334
1,0.5648,0.5743801652892562,0.5757575757575758,0.54,0.5564356435643565,0.5813953488372093
2,0.5556,0.5971074380165289,0.5636363636363636,0.522,0.5168316831683168,0.5775193798449613
3,0.5552,0.5785123966942148,0.5636363636363636,0.526,0.5267326732673268,0.5775193798449613
4,0.5588,0.5578512396694215,0.5717171717171717,0.552,0.5425742574257426,0.5794573643410853
