,overall,task_0,task_1,task_2,task_3,task_4
0,0.5412,0.5537190082644629,0.6161616161616161,0.498,0.5386138613861386,0.5406976744186046
1,0.5396,0.5330578512396694,0.593939393939394,0.474,0.5346534653465347,0.5523255813953488
2,0.544,0.5289256198347108,0.6303030303030303,0.478,0.5267326732673268,0.5658914728682171
3,0.5524,0.512396694214876,0.5737373737373738,0.488,0.5405940594059406,0.5465116279069767
4,0.54,0.5,0.5959595959595959,0.508,0.5485148514851486,0.5503875968992248
