,overall,task_0,task_1,task_2,task_3,task_4
0,0.556,0.4607438016528926,0.5858585858585859,0.566,0.5069306930693069,0.6434108527131783
1,0.5472,0.47520661157024796,0.5696969696969697,0.602,0.5485148514851486,0.6531007751937985
2,0.554,0.4896694214876033,0.5636363636363636,0.586,0.5247524752475248,0.6337209302325582
3,0.5696,0.49173553719008267,0.5797979797979798,0.58,0.5346534653465347,0.6375968992248062
4,0.5596,0.5041322314049587,0.5434343434343434,0.582,0.5366336633663367,0.6472868217054264
