,overall,task_0,task_1,task_2,task_3,task_4
0,0.5668,0.5971074380165289,0.5070707070707071,0.616,0.5207920792079208,0.5891472868217055
1,0.5604,0.5805785123966942,0.4808080808080808,0.596,0.499009900990099,0.6046511627906976
2,0.5736,0.6053719008264463,0.5232323232323233,0.602,0.5425742574257426,0.5775193798449613
3,0.5644,0.6301652892561983,0.49696969696969695,0.616,0.5287128712871287,0.6124031007751938
4,0.5716,0.6033057851239669,0.5232323232323233,0.592,0.5108910891089109,0.5891472868217055
