,overall,task_0,task_1,task_2,task_3,task_4
0,0.5792,0.5495867768595041,0.5171717171717172,0.596,0.598019801980198,0.5697674418604651
1,0.57,0.5599173553719008,0.5131313131313131,0.594,0.596039603960396,0.5523255813953488
2,0.5636,0.5619834710743802,0.5292929292929293,0.582,0.5900990099009901,0.562015503875969
3,0.5684,0.5640495867768595,0.503030303030303,0.574,0.6237623762376238,0.5775193798449613
4,0.5628,0.5702479338842975,0.498989898989899,0.578,0.6158415841584158,0.5697674418604651
