,accuracy,f1,precision,recall,model
0,0.558,0.5349853944294652,0.5582198758570709,0.5713274444122445,iter_12
1,0.872,0.8709403548772535,0.8712048893284792,0.8715674448215596,model_full_12
2,0.11,0.0723771352530117,0.110302338547063,0.0623984766346143,model_empty_12
3,0.194,0.14293705936330375,0.18720345323401766,0.18976884655105336,empty_trained_12
4,0.872,0.8709403548772535,0.8712048893284792,0.8715674448215596,model_full_trained_12
5,0.836,0.8340860136152568,0.8352389781237735,0.8338432805539402,empty_trained_replay_12
